scheme,mean,ci_low,ci_high,n,switch
MaxWeight,6.867666666666667,4.447666666666667,10.452666666666667,5,Balanced to reliability-first
SOTA-DQN,8.672666666666668,3.585666666666667,15.049333333333333,5,Balanced to reliability-first
SOTA-DuelingDDQN,27.68433333333333,11.301999999999998,47.61899999999999,5,Balanced to reliability-first
PPO,4.116666666666666,3.8516666666666666,4.381666666666667,5,Balanced to reliability-first
PPO-Lagrangian,7.6049999999999995,0.8,19.360666666666667,5,Balanced to reliability-first
PPO_CMDP,8.195666666666666,4.219666666666667,12.171666666666665,5,Balanced to reliability-first
Intent-PPO-CMDP,4.615,2.0196666666666667,7.210333333333334,5,Balanced to reliability-first
MaxWeight,52.838,49.972500000000004,54.96049999999999,5,Balanced to latency-critical
SOTA-DQN,25.208,22.3105,28.1055,5,Balanced to latency-critical
SOTA-DuelingDDQN,28.590500000000002,27.753999999999998,29.616000000000003,5,Balanced to latency-critical
PPO,15.721999999999998,10.001999999999999,21.442,5,Balanced to latency-critical
PPO-Lagrangian,24.649499999999996,17.133499999999998,31.2255,5,Balanced to latency-critical
PPO_CMDP,12.0845,6.6095,17.559499999999996,5,Balanced to latency-critical
Intent-PPO-CMDP,18.824,15.238,22.409999999999997,5,Balanced to latency-critical
