family,path,scheme,seed,training_signature,policy_fingerprint,n_in,n_actions,sha256,bytes
dqn,policy_cache_sota_dqn/89b3003a441eeb26/SOTA-DQN__seed11.pt,SOTA-DQN,11,89b3003a441eeb26,a144a83bc4aeee469af0,60,20,8a48d5d569394e839efa795c4015f680372f4a5783897eb952e399b0414c6f74,111489
dqn,policy_cache_sota_dqn/89b3003a441eeb26/SOTA-DQN__seed12.pt,SOTA-DQN,12,89b3003a441eeb26,f27b5c6814ebe53fd0cb,60,20,eae07cf34fa9c68a7a77c40f3b2c06c266fefe3245fc04ccd748389d50bd1823,111489
dqn,policy_cache_sota_dqn/89b3003a441eeb26/SOTA-DQN__seed13.pt,SOTA-DQN,13,89b3003a441eeb26,97af549cf8979e5e1f69,60,20,252bd5eec08392f7ba76d1ca5204e8a47dcc940e03a8de69b89e6650e057163c,111489
dqn,policy_cache_sota_dqn/89b3003a441eeb26/SOTA-DQN__seed14.pt,SOTA-DQN,14,89b3003a441eeb26,a36c07a532f6662ccc4d,60,20,6ea7e2b29359788142426c720e582f1895cc3957dfa191b04e5b3e6dee29e11c,111489
dqn,policy_cache_sota_dqn/89b3003a441eeb26/SOTA-DQN__seed15.pt,SOTA-DQN,15,89b3003a441eeb26,de30ef20f74e7e9e5916,60,20,8e955680ae597254e3c0b38a8bef0c3ee70ffeec4fbfa51bc42f84a4907c83c3,111489
dqn,policy_cache_sota_dqn/89b3003a441eeb26/SOTA-DuelingDDQN__seed11.pt,SOTA-DuelingDDQN,11,89b3003a441eeb26,36bb440f00a6e6322d45,60,20,d2be82848a70e82cce907bfedad48b938756085128e0c1057df75edd45ea22a0,112827
dqn,policy_cache_sota_dqn/89b3003a441eeb26/SOTA-DuelingDDQN__seed12.pt,SOTA-DuelingDDQN,12,89b3003a441eeb26,3197daafd08f55ec997a,60,20,040d39c3e13bcf8a8541f6320f23550cf16b8f8207c8a783d65a0d8ae9c3596d,112827
dqn,policy_cache_sota_dqn/89b3003a441eeb26/SOTA-DuelingDDQN__seed13.pt,SOTA-DuelingDDQN,13,89b3003a441eeb26,11d0b87a48ed31102082,60,20,319cbaf8bfea820f38e22c0cbcefc314d62282818848b3826860c48763439e5a,112827
dqn,policy_cache_sota_dqn/89b3003a441eeb26/SOTA-DuelingDDQN__seed14.pt,SOTA-DuelingDDQN,14,89b3003a441eeb26,0964be62616634067177,60,20,284c5fc5c7c8edb55fae273f4ba5be850e5f1b4aca61004a3914f7932eb70479,112827
dqn,policy_cache_sota_dqn/89b3003a441eeb26/SOTA-DuelingDDQN__seed15.pt,SOTA-DuelingDDQN,15,89b3003a441eeb26,9be9aef38e709cd2af0a,60,20,7d65ae04634a3d83e1d9f8f583acc02c83c995f3d4134462c471fdab1d0cf03c,112827
ppo,policy_cache_v44/89b3003a441eeb26/Intent-PPO-CMDP__seed11.pt,Intent-PPO-CMDP,11,89b3003a441eeb26,b12c9f3440d9c22ff923,60,20,a1bbee6b38c50c31ac5cc7bb255f3375110cb59dbe89f191ff7418cf731b0698,112301
ppo,policy_cache_v44/89b3003a441eeb26/Intent-PPO-CMDP__seed12.pt,Intent-PPO-CMDP,12,89b3003a441eeb26,fc604e43c5d11a5118bd,60,20,9038d16817cafa9ef718fe765af846a9fcce6bf96735b46a1d3102aefc5e343c,112301
ppo,policy_cache_v44/89b3003a441eeb26/Intent-PPO-CMDP__seed13.pt,Intent-PPO-CMDP,13,89b3003a441eeb26,09d0d30da2ff448dad2f,60,20,efe439ece99437b82f99ced071f07437e01ea4ad7ab2a7a20ed5e3f9e24375ab,112301
ppo,policy_cache_v44/89b3003a441eeb26/Intent-PPO-CMDP__seed14.pt,Intent-PPO-CMDP,14,89b3003a441eeb26,fd2a9bdca11bd34bca64,60,20,92c652cb1910795c7088f185409b93db3a4fec09418f0242492ed47f33de5c54,112301
ppo,policy_cache_v44/89b3003a441eeb26/Intent-PPO-CMDP__seed15.pt,Intent-PPO-CMDP,15,89b3003a441eeb26,618554fca77aa7604c32,60,20,29d2575a0cb49679f7b28ceb945f00a85cab7a44a73ee574a47107994cb6f6d4,112301
ppo,policy_cache_v44/89b3003a441eeb26/Intent-PPO-CMDP-NoRisk__seed11.pt,Intent-PPO-CMDP-NoRisk,11,89b3003a441eeb26,7d2ee40999bb1a6afe16,60,20,b412e718a17208b6b3ebf62a79371436b0926553ef59b116f3c4d9c729f3581f,112399
ppo,policy_cache_v44/89b3003a441eeb26/Intent-PPO-CMDP-NoRisk__seed12.pt,Intent-PPO-CMDP-NoRisk,12,89b3003a441eeb26,53b75815fc19ab3c700d,60,20,611dfeda77f766a08a554bdcf66beab4889946a73f8910ddd70422300e637a7a,112399
ppo,policy_cache_v44/89b3003a441eeb26/Intent-PPO-CMDP-NoRisk__seed13.pt,Intent-PPO-CMDP-NoRisk,13,89b3003a441eeb26,4606dec7f3efe1c94a9c,60,20,3fda2c9a288ad304a8f55159c218870fada479bc813256e0b4406e2b051745b9,112399
ppo,policy_cache_v44/89b3003a441eeb26/Intent-PPO-CMDP-NoRisk__seed14.pt,Intent-PPO-CMDP-NoRisk,14,89b3003a441eeb26,72924e27f6df7ecb428f,60,20,3c98ba4ee4755ab0bd6a58da9f870e8d470541dd4fda4e0d1a95e03c5775a676,112399
ppo,policy_cache_v44/89b3003a441eeb26/Intent-PPO-CMDP-NoRisk__seed15.pt,Intent-PPO-CMDP-NoRisk,15,89b3003a441eeb26,8c806f3e428ad93e5ba2,60,20,c21b2ca3bf65baeb676a4ca10d5afa7f6063631631adc8463e94f6fd257bdb33,112399
ppo,policy_cache_v44/89b3003a441eeb26/PPO__seed11.pt,PPO,11,89b3003a441eeb26,b9c1e1a3273f0ff06c77,60,20,96cd7a4cf10c2991ddc0c3782b49581a80d1cd6a53c629c389245c4b0d1ddc1f,112005
ppo,policy_cache_v44/89b3003a441eeb26/PPO__seed12.pt,PPO,12,89b3003a441eeb26,2fb07c1ee95b181950c4,60,20,82ec2eb3e59c1ab1db35f49ef96cdf2d48d7b2fb0b2be61b4eeee5b075ba671e,112005
ppo,policy_cache_v44/89b3003a441eeb26/PPO__seed13.pt,PPO,13,89b3003a441eeb26,3cabdc2e2c3a75659a16,60,20,68d8314242904eb5dac2d86200e6cc47e555ecfc02cde878ffb1b799335e2620,112005
ppo,policy_cache_v44/89b3003a441eeb26/PPO__seed14.pt,PPO,14,89b3003a441eeb26,0a65909e93fb2c778ea0,60,20,2248f2be920af43a2b8c883d7e0fb29547e4ae300247b1b8b0d3f1a25c72bfd2,112005
ppo,policy_cache_v44/89b3003a441eeb26/PPO__seed15.pt,PPO,15,89b3003a441eeb26,461e22a59e6f436fac36,60,20,abe9aa725968737569f41fef920263cb8b0dc7a9dedb102f7cb13e8715e81dd1,112005
ppo,policy_cache_v44/89b3003a441eeb26/PPO-Lagrangian__seed11.pt,PPO-Lagrangian,11,89b3003a441eeb26,97597eec01eed730a745,60,20,eef3861035a24f092e747d2d1311fd4d587179fa7207fb33ca8c2e3ee02e5aee,112287
ppo,policy_cache_v44/89b3003a441eeb26/PPO-Lagrangian__seed12.pt,PPO-Lagrangian,12,89b3003a441eeb26,5ff4062933b4dfa3978e,60,20,5dce9555e5cebeb6fc005057c1df430fe3f1613d071ba5e26ed79bea9ed21d89,112287
ppo,policy_cache_v44/89b3003a441eeb26/PPO-Lagrangian__seed13.pt,PPO-Lagrangian,13,89b3003a441eeb26,454f28c68eb87e33907f,60,20,0d554226a599d715f772b0e5b74cbaef53933b9af460487d868a9b59b9cff000,112287
ppo,policy_cache_v44/89b3003a441eeb26/PPO-Lagrangian__seed14.pt,PPO-Lagrangian,14,89b3003a441eeb26,337f5a10e02765106fee,60,20,9c62f85e1e6e523d78515043ba8dc11902625f5903a06417c7168e330ffc6964,112287
ppo,policy_cache_v44/89b3003a441eeb26/PPO-Lagrangian__seed15.pt,PPO-Lagrangian,15,89b3003a441eeb26,c54dc7a9b9a68be549b7,60,20,976ba2f9d2421200828b893fee1293586911ff67f12613afc9bbdbc9cef87945,112287
ppo,policy_cache_v44/89b3003a441eeb26/PPO_CMDP__seed11.pt,PPO_CMDP,11,89b3003a441eeb26,3e02143445d692cb208a,60,20,e2c6645ec234cd0eba60169a63f49e3aef2e2840c71830e5e320a67d41393dcc,112075
ppo,policy_cache_v44/89b3003a441eeb26/PPO_CMDP__seed12.pt,PPO_CMDP,12,89b3003a441eeb26,c2c338dd9800f45e9834,60,20,22900d65609ea6090a84764132e1023aaad135ef3e453ff41f2ccadb13d1f2ed,112075
ppo,policy_cache_v44/89b3003a441eeb26/PPO_CMDP__seed13.pt,PPO_CMDP,13,89b3003a441eeb26,a070e26e29e031606ad8,60,20,92802948c483da559983178355ff212e68b293f24fcb4f81a37c09b665ed9782,112075
ppo,policy_cache_v44/89b3003a441eeb26/PPO_CMDP__seed14.pt,PPO_CMDP,14,89b3003a441eeb26,dadb88684cb84768bf3a,60,20,b816b84bcf38affaecc25e32c967ac635f081a46f5443d8de5c8b9c3feab8d7e,112075
ppo,policy_cache_v44/89b3003a441eeb26/PPO_CMDP__seed15.pt,PPO_CMDP,15,89b3003a441eeb26,fc83225982e20e56ecdd,60,20,046a095ee18988f4074c36633e3006ee447f26ccd0a77e80607b33f5a8c6651a,112075
