intent,scenario,scheme,num_seeds,training_steps_mean,training_steps_std,evaluation_steps_mean,evaluation_steps_std,evaluation_action_sampling_seed_mean,evaluation_action_sampling_seed_std,universal_training_reused_mean,universal_training_reused_std,train_time_s_mean,train_time_s_std,episodes_mean,episodes_std,intent_satisfaction_rate_mean,intent_satisfaction_rate_std,soft_intent_compliance_score_mean,soft_intent_compliance_score_std,soft_intent_compliance_p05_mean,soft_intent_compliance_p05_std,relaxed_intent_satisfaction_rate_mean,relaxed_intent_satisfaction_rate_std,intent_violation_rate_mean,intent_violation_rate_std,weighted_violation_mean_mean,weighted_violation_mean_std,weighted_violation_p95_mean,weighted_violation_p95_std,weighted_violation_cvar95_mean,weighted_violation_cvar95_std,intent_regret_auc_mean,intent_regret_auc_std,positive_violation_mean_mean,positive_violation_mean_std,reliability_safety_margin_mean_mean,reliability_safety_margin_mean_std,reliability_safety_margin_p05_mean,reliability_safety_margin_p05_std,blocking_mean_mean,blocking_mean_std,blocking_p95_mean,blocking_p95_std,blocking_cvar95_mean,blocking_cvar95_std,interruption_mean_mean,interruption_mean_std,interruption_p95_mean,interruption_p95_std,interruption_cvar95_mean,interruption_cvar95_std,deadline_exposure_mean_mean,deadline_exposure_mean_std,deadline_exposure_cvar95_mean,deadline_exposure_cvar95_std,deadline_miss_proxy_mean_mean,deadline_miss_proxy_mean_std,service_success_rate_mean_mean,service_success_rate_mean_std,unfinished_rate_mean_mean,unfinished_rate_mean_std,request_conservation_error_max_abs_mean,request_conservation_error_max_abs_std,shield_override_rate_mean_mean,shield_override_rate_mean_std,delay_mean_ms_mean,delay_mean_ms_std,delay_p95_ms_mean,delay_p95_ms_std,delay_p99_ms_mean,delay_p99_ms_std,delay_cvar95_ms_mean,delay_cvar95_ms_std,throughput_mean_mbps_mean,throughput_mean_mbps_std,throughput_p05_mbps_mean,throughput_p05_mbps_std,throughput_cvar_low10_mbps_mean,throughput_cvar_low10_mbps_std,throughput_stability_cv_mean,throughput_stability_cv_std,energy_eff_mean_bpj_mean,energy_eff_mean_bpj_std,energy_eff_p05_bpj_mean,energy_eff_p05_bpj_std,energy_per_mbit_j_mean,energy_per_mbit_j_std,energy_delay_product_mean,energy_delay_product_std,fairness_mean_mean,fairness_mean_std,fairness_p05_mean,fairness_p05_std,fairness_deficit_mean_mean,fairness_deficit_mean_std,utilization_mean_mean,utilization_mean_std,utilization_p95_mean,utilization_p95_std,reward_mean_mean,reward_mean_std,reward_stability_cv_mean,reward_stability_cv_std,qmax_terminal_mean,qmax_terminal_std,qmax_oscillation_std_mean,qmax_oscillation_std_std,lambda_pressure_mean_mean,lambda_pressure_mean_std,lambda_terminal_pressure_mean,lambda_terminal_pressure_std,action_entropy_norm_mean,action_entropy_norm_std,dynamic_violation_mean_mean,dynamic_violation_mean_std,dynamic_violation_step_cvar95_mean,dynamic_violation_step_cvar95_std,grant_like_action_rate_mean,grant_like_action_rate_std,preempt_action_rate_mean,preempt_action_rate_std,deny_action_rate_mean,deny_action_rate_std,feasibility_filter_active_rate_mean,feasibility_filter_active_rate_std,feasibility_filtered_action_fraction_mean,feasibility_filtered_action_fraction_std,shield_filter_active_rate_mean,shield_filter_active_rate_std,shield_filtered_action_fraction_mean,shield_filtered_action_fraction_std,shock_action_shift_l1_mean,shock_action_shift_l1_std,shock_throughput_bits_mean_mean,shock_throughput_bits_mean_std,pre_shock_throughput_bits_mean_mean,pre_shock_throughput_bits_mean_std,shock_delay_ms_mean_mean,shock_delay_ms_mean_std,pre_shock_delay_ms_mean_mean,pre_shock_delay_ms_mean_std,shock_block_rate_mean,shock_block_rate_std,shock_interruption_rate_mean,shock_interruption_rate_std,queue_load_mean_mean,queue_load_mean_std,energy_per_delivered_bit_step_mean,energy_per_delivered_bit_step_std,intent_switch_active_mean,intent_switch_active_std,intent_action_shift_l1_mean,intent_action_shift_l1_std,intent_mode_shift_l1_mean,intent_mode_shift_l1_std,counterfactual_intent_policy_l1_mean,counterfactual_intent_policy_l1_std,counterfactual_mode_policy_l1_mean,counterfactual_mode_policy_l1_std,counterfactual_argmax_change_rate_mean,counterfactual_argmax_change_rate_std,frozen_policy_entropy_norm_mean,frozen_policy_entropy_norm_std,pre_mask_reject_probability_mean,pre_mask_reject_probability_std,feasible_reject_probability_mean,feasible_reject_probability_std,physical_infeasible_probability_mass_mean,physical_infeasible_probability_mass_std,pre_mask_unsafe_probability_mass_mean,pre_mask_unsafe_probability_mass_std,shield_filtered_probability_mass_mean,shield_filtered_probability_mass_std,shield_filtered_raw_probability_mass_mean,shield_filtered_raw_probability_mass_std,actual_shield_prevention_rate_mean,actual_shield_prevention_rate_std,stochastic_action_entropy_mean,stochastic_action_entropy_std,stochastic_action_entropy_nats_mean,stochastic_action_entropy_nats_std,policy_mode_prob_defer_mean,policy_mode_prob_defer_std,policy_mode_prob_grant_mean,policy_mode_prob_grant_std,policy_mode_prob_protect_mean,policy_mode_prob_protect_std,policy_mode_prob_coexist_mean,policy_mode_prob_coexist_std,policy_mode_prob_reject_mean,policy_mode_prob_reject_std,intent_mode_prob__balanced_agentic__defer_mean,intent_mode_prob__balanced_agentic__defer_std,intent_mode_prob__balanced_agentic__grant_mean,intent_mode_prob__balanced_agentic__grant_std,intent_mode_prob__balanced_agentic__protect_mean,intent_mode_prob__balanced_agentic__protect_std,intent_mode_prob__balanced_agentic__coexist_mean,intent_mode_prob__balanced_agentic__coexist_std,intent_mode_prob__balanced_agentic__reject_mean,intent_mode_prob__balanced_agentic__reject_std,intent_mode_prob__reliability_first__defer_mean,intent_mode_prob__reliability_first__defer_std,intent_mode_prob__reliability_first__grant_mean,intent_mode_prob__reliability_first__grant_std,intent_mode_prob__reliability_first__protect_mean,intent_mode_prob__reliability_first__protect_std,intent_mode_prob__reliability_first__coexist_mean,intent_mode_prob__reliability_first__coexist_std,intent_mode_prob__reliability_first__reject_mean,intent_mode_prob__reliability_first__reject_std,intent_mode_prob__latency_critical__defer_mean,intent_mode_prob__latency_critical__defer_std,intent_mode_prob__latency_critical__grant_mean,intent_mode_prob__latency_critical__grant_std,intent_mode_prob__latency_critical__protect_mean,intent_mode_prob__latency_critical__protect_std,intent_mode_prob__latency_critical__coexist_mean,intent_mode_prob__latency_critical__coexist_std,intent_mode_prob__latency_critical__reject_mean,intent_mode_prob__latency_critical__reject_std,post_switch_violation_mean_mean,post_switch_violation_mean_std,switch_adaptation_time_steps_mean,switch_adaptation_time_steps_std,switch_adaptation_success_mean,switch_adaptation_success_std,switch_pre_violation_reference_mean,switch_pre_violation_reference_std,switch_post_violation_reference_mean,switch_post_violation_reference_std,switch_settling_band_mean,switch_settling_band_std
balanced_agentic,admission_pressure,Intent-PPO-CMDP,5,150.0,0.0,300.0,0.0,1364350334.8,381846902.8518057,1.0,0.0,320.147677999991,7.298897258581943,200.0,0.0,0.011,0.022,0.9477193425440186,0.02163612009932281,0.9197147528397703,0.025028100978352674,0.9720000000000001,0.029765752132274424,0.9890000000000001,0.02200000000000002,0.05228065745598143,0.02163612009932276,0.08028524716022961,0.025028100978352657,0.08841970324082365,0.024612077942758877,10.456131491196295,4.327224019864551,0.052487500685110086,0.021307654009196323,-0.012518272678626239,0.04537379354254951,-0.0337110880529813,0.04883969718098722,0.034410318291979776,0.017661000113448906,0.04716834563418675,0.014097309025923013,0.04948852448448974,0.012545591053777144,0.18513131208545835,0.0755598748463034,0.21484216901739867,0.0697596861259484,0.22495093263587665,0.06947058083434181,0.7648817634002699,0.023796475250441245,0.8391159112785885,0.021917686386160415,0.3245633333333333,0.0097975756638512,0.6598668652202377,0.0816980560834927,0.30572281648778243,0.08776820865284905,0.0,0.0,0.0,0.0,75.87007536967435,10.910457804376344,89.67320889658113,10.081852228344255,95.54482583241646,10.559135678206246,93.73155105894746,10.182134817901433,2.7814510311792175,0.4011857394460419,2.543489928586225,0.40250808113915787,2.5222601114209473,0.39813276671460335,0.05382840058586744,0.009602154205371662,30016039.92762669,5748634.7400901755,28608531.59176259,5425504.263594597,0.03465728562770176,0.00702603716773756,2.148919479594393,0.4394727908777837,0.7047536515279583,0.04467800908261749,0.6347175314919247,0.02961767558757931,0.0,0.0,0.15452505728773425,0.02228809663589122,0.167486743459207,0.022826581690970432,58.4332862292865,8.462351121268197,0.17777658866715534,0.024353227892559556,,,,,,,,,0.39850571610159524,0.15365870962797884,0.07943990823499454,0.013859994192039682,0.21436356769052164,0.020074732403760828,0.9798899999999999,0.009893238993260932,0.0586633333333333,0.029064062192183496,0.019479999999999963,0.00994791658813263,0.9899733333333334,0.00737244569702313,0.14517916666666664,0.007430853921320245,0.6621733333333333,0.050240439223133114,0.0471768333333333,0.0077204870924342806,0.11629010989010982,0.02955388558869976,2488.3411856598927,402.15267672546366,2939.279409535777,401.00922317999255,72.92389850274871,11.415088721657431,76.73567747475944,10.6083657092431,0.02831428571428566,0.014930848918702057,0.21242285755756812,0.08495362943304627,0.75432375,0.03549307929356362,3.467847262037377e-08,7.031393273304654e-09,0.0,0.0,,,,,0.0195007936405598,0.00753844764923616,0.01504183828395766,0.005989304324123121,0.00308999999999998,0.005659992147619218,0.3187121284187685,0.10501394692276368,0.3915610492940146,0.24198270550956588,0.12705717047929024,0.08276441561477128,0.26983762205893547,0.16321791492252713,0.373000587977414,0.2328346257785784,0.10761359622790563,0.07326347515003905,0.10316296591847847,0.07021284487979661,0.10820333333333332,0.0731001097430397,0.30140226822031285,0.11690199137462531,0.9029205022299676,0.35020706840369537,0.0005720698219691719,0.0006388813130608778,0.48987961355687776,0.35852693817566733,0.05905112671394932,0.029453237161704036,0.4307927556818603,0.33353654305092034,0.019704434225343303,0.00991836462532675,0.0005720698219691719,0.0006388813130608778,0.48987961355687776,0.35852693817566733,0.05905112671394932,0.029453237161704036,0.4307927556818603,0.33353654305092034,0.019704434225343303,0.00991836462532675,,,,,,,,,,,,,,,,,,,,,,,,,,,,,,,,
balanced_agentic,admission_pressure,Intent-PPO-CMDP-FullPolicy-NoShield,5,150.0,0.0,300.0,0.0,1364350334.8,381846902.8518057,1.0,0.0,320.147677999991,7.298897258581943,200.0,0.0,0.003,0.006,0.79270080829511,0.10543548571850561,0.7363124578021493,0.10950449748874484,0.24,0.38371864692766755,0.9970000000000001,0.006000000000000005,0.5868502675859166,0.49180359052487505,0.7779117185384234,0.5923469740287532,0.8237707046198455,0.6077046456118003,117.37005351718332,98.36071810497499,0.5869325205427791,0.4917099765983178,-0.1912200923046341,0.17081413442702614,-0.2543177164748077,0.20109865756210538,0.24400574997419838,0.17654985242072224,0.31014006684921924,0.20459006303845512,0.32571009566288567,0.20984271391402712,0.19483168385771413,0.07783085803158168,0.22943328328997098,0.07285270716327971,0.2403663190530685,0.06862471890253034,0.7793576716099974,0.036686822238990516,0.8613912442409376,0.03387453538272001,0.34289333333333333,0.0246429065745996,0.5332176129512738,0.09246056894570144,0.22277663707452774,0.12677034412004334,0.0,0.0,0.0,0.0,63.533308491947096,15.448846548788882,78.8716838143501,14.333424138277984,84.89078358407812,14.882769893935365,82.51640597155759,14.77550981888264,2.268283264810342,0.41331957559098875,1.9726091846016565,0.4335477582460705,1.952544909760519,0.4387234675670639,0.08534343915198687,0.03544385933571671,28954826.778033756,5953327.804332995,27430868.85480296,5734238.861111996,0.03604545922703044,0.007433173805191951,1.5351303985964369,0.5382757331629154,0.6739784643659881,0.06650532592783562,0.5941035322535944,0.06357778501951518,0.00041405795131919433,0.000801509697576724,0.12601573693390783,0.022962198643943825,0.14266902063489767,0.021887151625206103,31.356776330816864,20.785210201286475,0.7236868181572219,0.6971201298723634,,,,,,,,,0.5306106715823049,0.203426912926606,0.6124595318795679,0.47043626399750216,0.8397766842567786,0.5383148120949429,0.8591599999999999,0.10188534220169039,0.05873333333333329,0.030069253399444437,0.13767333333333331,0.09917099015785259,0.98309,0.007739857879832189,0.1493988333333333,0.015589402103494666,0.0,0.0,0.0,0.0,0.14617728937728933,0.04208066882969609,2031.786899751008,374.82647372093345,2395.6274613807527,434.67319150410555,57.662717835838166,15.623889480318482,65.8426304265107,15.29725091071091,0.1327333333333333,0.10152324935072832,0.2225009940031782,0.08496700445792245,0.6289320833333333,0.12943469125407833,3.610252567795236e-08,7.46052617660016e-09,0.0,0.0,,,,,0.02022804308056676,0.007304215220712791,0.0156941325978657,0.005760378030986013,0.00281666666666664,0.004766445216301117,0.3325289404384418,0.11132102738385127,0.39765554272960724,0.24852599190435556,0.1380897542154707,0.09912415820681031,0.2715494344412578,0.1649947354591904,0.2715494344412578,0.1649947354591904,0.0,0.0,0.0,0.0,0.0,0.0,0.3325289403788754,0.11132102735135821,0.9961676785837081,0.3334879943616503,0.0031519028004800276,0.004161367290145997,0.4458977378102409,0.3455388765575697,0.05836960575792634,0.02976825171052367,0.35449099941588186,0.28504508614899804,0.1380897542154707,0.09912415820681031,0.0031519028004800276,0.004161367290145997,0.4458977378102409,0.3455388765575697,0.05836960575792634,0.02976825171052367,0.35449099941588186,0.28504508614899804,0.1380897542154707,0.09912415820681031,,,,,,,,,,,,,,,,,,,,,,,,,,,,,,,,
balanced_agentic,admission_pressure,Intent-PPO-CMDP-NoRisk,5,150.0,0.0,300.0,0.0,1364350334.8,381846902.8518057,1.0,0.0,274.6141810200061,5.506362305433448,200.0,0.0,0.005,0.006324555320336759,0.9473310212520889,0.018640718528279736,0.9174997438827528,0.01920606720866613,0.97,0.02549509756796391,0.9950000000000001,0.006324555320336764,0.052668978747910856,0.018640718528279785,0.08250025611724718,0.01920606720866614,0.09085080906883825,0.0174191176952591,10.533795749582179,3.7281437056559596,0.05282486586820012,0.018459606269423886,0.005757510249277222,0.06328323608044564,-0.013466114645356542,0.07058207960261852,0.00015608322845740632,9.499573725572977e-05,0.0,0.0,0.00015608322845740632,9.499573725572977e-05,0.17281619710616317,0.08202534167351146,0.21193501618446678,0.0722230899445617,0.22445876087001665,0.0685182555074486,0.7236784766589969,0.02837030684325032,0.8082616097238958,0.016165263550366318,0.30763,0.007722085210615092,0.6541907166640766,0.12472777924658819,0.34565320010746586,0.12482096206958952,0.0,0.0,0.0,0.0,76.89077675628873,16.182093567968,91.55180325221492,16.37034850901659,96.9114750279916,16.8935046169594,94.98691256496336,16.897107779289513,2.687511026874382,0.5145929062666434,2.450936699029783,0.5120508071760217,2.4352069341778266,0.5113710168737208,0.05838759822855207,0.009528331000798649,30738102.111307718,4710778.68879011,28960163.5308325,4006337.3626529705,0.03331009872019368,0.00507380765514975,1.9892304594930352,0.3556916286088844,0.7274503133995335,0.027260122163351583,0.6505661937861198,0.014432599805792291,0.0,0.0,0.14930616815968784,0.028588494792591276,0.1641331156716858,0.028981940564618478,50.17556707124337,6.081062811518116,0.23281283399476943,0.04638704558780855,,,,,,,,,0.21933388806058512,0.09892786710342907,0.08075727612663834,0.011695504609130393,0.2083001629743328,0.019114231504910057,0.9997766666666668,0.00017625738755206144,0.0345833333333333,0.02388933048687451,8.666666666666667e-05,5.3124591501697416e-05,0.9874233333333333,0.010175021703498563,0.14387199999999994,0.010918439927226058,0.0,0.0,0.0,0.0,0.06990183150183145,0.023837657810272476,2381.091814400426,473.2474022943342,2852.5059874372814,537.9010152816952,73.75163717450762,18.322155262049666,77.92955140704996,14.945171394270389,5.714285714284857e-05,5.553287518898963e-05,0.19894183845317515,0.09588432331583396,0.7641022222222222,0.058630999578500057,3.3342864778928903e-08,5.061044908067773e-09,0.0,0.0,,,,,0.026981543416563458,0.03641851208147112,0.00988384935615004,0.00848846892547842,0.00442333333333332,0.007576613139567473,0.24197416022226487,0.13496336532984443,0.00035922540885142,0.00026473360610612505,9.689363234207509e-05,5.864539188336671e-05,0.00046357412287196,0.000540754815825541,0.00046357412287196,0.000540754815825541,0.0,0.0,0.0,0.0,0.0,0.0,0.2419741602203076,0.13496336532700592,0.7248898011380998,0.4043141092575693,0.0001425908684506752,0.00011648677830852952,0.5705623154608106,0.42462342154167265,0.035017737554320846,0.024007833723502996,0.3941804624840757,0.40181056747324956,9.689363234207509e-05,5.864539188336671e-05,0.0001425908684506752,0.00011648677830852952,0.5705623154608106,0.42462342154167265,0.035017737554320846,0.024007833723502996,0.3941804624840757,0.40181056747324956,9.689363234207509e-05,5.864539188336671e-05,,,,,,,,,,,,,,,,,,,,,,,,,,,,,,,,
balanced_agentic,admission_pressure,MaxWeight,5,150.0,0.0,300.0,0.0,1364350334.8,381846902.8518057,0.0,0.0,1.1979998089373111e-05,6.968426666966248e-07,200.0,0.0,0.012,0.021587033144922902,0.9074883545735407,0.025246236199098913,0.8800514241104338,0.022450581979274797,0.521,0.3055061374178921,0.9880000000000001,0.021587033144922923,0.09251164542645914,0.02524623619909897,0.11994857588956613,0.022450581979274874,0.1263566744082127,0.022486567571914754,18.502329085291827,5.049247239819794,0.09313062898409256,0.024253467848389946,0.048228372635702996,0.009914736246323207,0.014685541518466483,0.02768728676427642,0.0,0.0,0.0,0.0,0.0,0.0,0.14263687754324472,0.014322859837028641,0.1853144584815335,0.02768728676427643,0.19765924291973333,0.029791189423429797,0.7597622031557829,0.026876130956093074,0.8346130611321712,0.0072286363833285235,0.3266299999999999,0.010210666536084267,0.4404299734906562,0.052610204841590576,0.5595700265093437,0.05261020484159059,0.0,0.0,0.0,0.0,71.93977125595947,8.377816150096498,85.99053125594733,8.581481396971853,91.07053801813329,8.457209475450512,89.0208042704264,8.435411295135612,2.05392760345,0.20256542460079752,1.8556265253083377,0.16389811608993166,1.844245090482683,0.16627958309665203,0.06748408056631122,0.015689949764302956,18141510.21900538,1879711.3451612634,16977125.012936953,1790365.1415026942,0.05575779692444026,0.00617306053979015,2.4490154862708424,0.3315797461701471,0.520030929844207,0.020947117934192495,0.46502927564122176,0.01787943330448677,0.006594779315193861,0.0032835200778532124,0.11410708908055553,0.011253634700044316,0.12929513613198268,0.019675741715532314,-2.33862344094472,10.981012023909173,2.2811899826325894,1.717842919450997,,,,,,,,,0.15745028775852388,0.042678929292065224,0.07880492299008209,0.01886673654151221,0.17250214703745986,0.006124335578272664,0.99993,0.0001399999999999846,0.9207799999999999,0.04053485386402399,0.0,0.0,0.95103,0.005971128685414355,0.09293683333333329,0.004329972106658941,0.0,0.0,0.0,0.0,0.1865494505494505,0.04478788548363662,1644.9978940615663,172.16880048536945,2274.120523889926,220.00594566528648,75.63127048453131,10.458875837278525,70.70127835092599,7.3998352803028915,0.0,0.0,0.16845595110352532,0.015858232996821073,0.8388827777777778,0.030194916916598886,5.5881011095982004e-08,6.1488509742784076e-09,0.0,0.0,,,,,,,,,,,,,,,,,,,,,,,,,,,,,,,,,,,,,,,,,,,,,,,,,,,,,,,,,,,,,,,,,,,,,,,,,,,,,,,,,,
balanced_agentic,admission_pressure,PPO,5,150.0,0.0,300.0,0.0,1364350334.8,381846902.8518057,1.0,0.0,267.553891400015,9.782401107503151,200.0,0.0,0.05700000000000001,0.10166612021711069,0.9600559873832303,0.029645128363643608,0.9354612225866401,0.035147855613478364,0.9460000000000001,0.10800000000000001,0.943,0.10166612021711069,0.039944012616769595,0.029645128363643646,0.06453877741335988,0.03514785561347831,0.06985210390597095,0.0370853515442102,7.988802523353932,5.9290256727287325,0.04061657032437738,0.02899719595619528,0.0026105158944345784,0.0598970514258988,-0.02047555064377722,0.0642801350478765,0.00029139897348291104,0.00016782745219649534,0.00228241813153314,0.0027962944377492435,0.002802991592602311,0.0032325989737382083,0.19047965197280373,0.06640090715131283,0.22047555064377716,0.06428013504787654,0.22885538790636453,0.06206769348777737,0.7367720722910034,0.011911124103742371,0.8075665226399759,0.014213454343012083,0.31306666666666666,0.005813461390026888,0.6803744890101155,0.07250322524709923,0.31933411201640144,0.07258168553309502,0.0,0.0,0.0,0.0,77.6007427468995,11.523376731996525,92.78180480591696,11.070803479289115,99.3711744609528,9.646479394726798,96.87698572544043,10.675836659433907,2.8199790341868622,0.2723449436820633,2.57408802713588,0.2724925981841524,2.5638548185243057,0.2655977765245013,0.05203691572125938,0.00805224026868465,29473967.57994566,3969961.8290230217,28165423.15897117,3853956.4411068982,0.03458788211761028,0.004823093681816057,2.2222852670521416,0.19099253905228697,0.7123007707885425,0.026227824945722705,0.6417058147978713,0.01531950473509815,0.0,0.0,0.15666550189927006,0.01513027464900352,0.1695130415775468,0.014321437570269739,54.85490137222312,17.173804023688675,0.21818831055430982,0.0780789774669115,,,,,,,,,0.3834293269406727,0.08578078690847835,0.07220826359631526,0.02318235215744506,0.21967748425538494,0.022523674445515337,0.9994833333333333,0.000282055944017508,0.07716999999999999,0.1004225093182688,0.00016333333333330664,9.3926685357354e-05,0.99118,0.0033904178700174094,0.14803849999999996,0.0076147293378615,0.0,0.0,0.0,0.0,0.11781245421245416,0.0031599969801903074,2539.688366906773,237.40130358555436,2970.904778106911,296.8873161138154,74.74510900525175,13.546797042589649,78.17770644860431,10.21576126517053,0.00017142857142853903,0.00012270570215926413,0.21745857640655136,0.07793977775400737,0.7791106944444445,0.03790687841860501,3.4598216445082454e-08,4.827910083032987e-09,0.0,0.0,,,,,0.02242680131282122,0.008090410377755004,0.01680089506046868,0.005582785441222198,0.0026033333333333134,0.005198337341026523,0.2977031347309657,0.10476240763244137,0.0008137972437727312,0.0005144883055094308,0.0001900068185684091,0.00012411293093799638,0.0006623740578159492,0.0004171292927429175,0.0006623740578159492,0.0004171292927429175,0.0,0.0,0.0,0.0,0.0,0.0,0.2977031347270753,0.10476240763159629,0.8918388886400914,0.3138401255971919,0.00032314369653873686,0.0002458588972506815,0.4930812872756679,0.34170153114263785,0.07707976463127852,0.10099556592661853,0.4293257975779463,0.28377570332443175,0.0001900068185684091,0.00012411293093799638,0.00032314369653873686,0.0002458588972506815,0.4930812872756679,0.34170153114263785,0.07707976463127852,0.10099556592661853,0.4293257975779463,0.28377570332443175,0.0001900068185684091,0.00012411293093799638,,,,,,,,,,,,,,,,,,,,,,,,,,,,,,,,
balanced_agentic,admission_pressure,PPO-Lagrangian,5,150.0,0.0,300.0,0.0,1364350334.8,381846902.8518057,1.0,0.0,266.61783722001127,11.520029096061073,200.0,0.0,0.040999999999999995,0.05379591062525106,0.9624879397738162,0.0265626484954275,0.9376625392111263,0.032096740134017,0.976,0.03337663853655726,0.959,0.05379591062525106,0.0375120602261836,0.026562648495427492,0.06233746078887362,0.03209674013401705,0.06834932047277795,0.03276082403958337,7.502412045236731,5.312529699085497,0.038121293527561,0.026031191755841707,0.04573405349769606,0.016655329297560476,0.0292836429899014,0.029943645522719636,0.00025356748279595773,0.0001766472025612467,0.0011494252873563199,0.0022988505747126397,0.0013781717755350577,0.002402917450321217,0.12141701049319546,0.04294525060919403,0.1657508579840696,0.03441357629165484,0.17897288734242142,0.03224432128525102,0.7443840932702532,0.015305254976417729,0.8145833720557423,0.015636385152456352,0.31622666666666666,0.005550751700845979,0.5787513570360071,0.07189062035225087,0.42099507548119697,0.07184705867052207,0.0,0.0,0.0,0.0,88.41201044096815,8.458272675743242,102.55454217797607,9.309279052554858,109.42293521003417,10.115331181813838,107.20343993273688,10.231642241514528,2.4070728952894394,0.2888849116011981,2.1753805062592324,0.2876527037346475,2.1536376319968156,0.2871210486867129,0.06227827622938222,0.011020218401570383,32995723.794132017,3429084.824021317,31001356.726285268,3152020.892268006,0.030653638802397583,0.0032935141192937936,1.9487361499082845,0.3213539686210143,0.732857479463501,0.02487731054677773,0.6502313255471963,0.024350423481465298,0.0,0.0,0.13372627196052433,0.016049161755622134,0.14749273576823377,0.015378627994860507,51.73343210851258,12.910663032319999,0.23377031759082464,0.07856797077750013,,,,,,,,,0.2810481097203208,0.1993713354915245,0.0716924915035698,0.02302309306854677,0.21336112860112655,0.031380612835575875,0.9996133333333332,0.00029314387821232035,0.047623333333333295,0.03908025019822102,0.0001433333333333,0.00010033277962192396,0.9836133333333332,0.00883318490441342,0.13812316666666663,0.009513287044386332,0.0,0.0,0.0,0.0,0.11267985347985343,0.08160529767366496,2141.4117299688505,286.7959358105892,2550.121215077449,292.7796260343841,87.37926676697279,9.766197126624043,88.67956613526864,7.783327143969277,0.00019999999999993997,0.0001291872377737857,0.13832504124455905,0.04647047870901964,0.8108913888888889,0.024435884614759998,3.068494588260503e-08,3.2831737317528435e-09,0.0,0.0,,,,,0.01010082697894418,0.005566984641069449,0.00790073499564698,0.0038418401517105335,0.0035533333333333202,0.004475295148553504,0.1871252612124654,0.12908996456101868,0.0005129464370644165,0.00039958113559064666,0.00015064183460832524,0.00011408310725351488,0.00036236720350355737,0.0002908175921594636,0.00036236720350355737,0.0002908175921594636,0.0,0.0,0.0,0.0,0.0,0.0,0.18712526121426815,0.12908996456676247,0.5605771842168039,0.3867189730445915,0.00023489745082494687,0.00018764719094787317,0.8203507410349212,0.17227296705169842,0.04793927133367112,0.039552687315589655,0.1313244483459743,0.1431096583562514,0.00015064183460832524,0.00011408310725351488,0.00023489745082494687,0.00018764719094787317,0.8203507410349212,0.17227296705169842,0.04793927133367112,0.039552687315589655,0.1313244483459743,0.1431096583562514,0.00015064183460832524,0.00011408310725351488,,,,,,,,,,,,,,,,,,,,,,,,,,,,,,,,
balanced_agentic,admission_pressure,PPO_CMDP,5,150.0,0.0,300.0,0.0,1364350334.8,381846902.8518057,1.0,0.0,272.14205237999556,4.344263892369205,200.0,0.0,0.095,0.07974960814950754,0.97282137915117,0.02214305201303844,0.9517906867571633,0.025284626757035748,0.9949999999999999,0.010000000000000009,0.9049999999999999,0.0797496081495075,0.027178620848830003,0.022143052013038365,0.04820931324283672,0.025284626757035734,0.05467907294354699,0.026353129968052974,5.435724169766005,4.428610402607674,0.0285777443763498,0.021332453250690754,0.0009214764364742986,0.04375221004941949,-0.026399419121036098,0.04497218891066381,0.00024667426819122,0.000181552201323807,0.0022300024198044998,0.0027311999421128328,0.00266476778428564,0.00312550400523955,0.19605371962628326,0.04765137067017763,0.22639941912103606,0.044972188910663895,0.23462095869195743,0.043902760798015424,0.7283606105308361,0.02205429393835896,0.8033171732717659,0.018149788022068104,0.31094333333333324,0.006933786844142195,0.7070565065791169,0.048679177165738975,0.29269681915269175,0.0486643560401206,0.0,0.0,0.0,0.0,76.07178434540552,10.01873770599065,90.01894619795772,9.615295036954183,95.04597617580501,9.240995993585924,93.19723838681145,9.107779461036387,2.932660679715723,0.2202827959607522,2.678870647628332,0.2292774098507642,2.6599202545369716,0.2292135383681136,0.05308778455240955,0.0058509673324403265,30326311.885435075,3311532.2553077578,28947983.3701035,3125366.529816561,0.033385111062488676,0.00366181073115435,2.2155654217817684,0.33034584553617014,0.7084745307275299,0.013986691848429045,0.6432338075179617,0.010017701540799583,0.0,0.0,0.16292559331754014,0.012237933108930699,0.17714716358591615,0.012018900348512085,62.742992206074554,8.000725753859072,0.16400399354499454,0.023317071193588244,,,,,,,,,0.3661793987489398,0.07683791414877655,0.05911285720358326,0.015984515797868862,0.21103008439306836,0.02319075168832395,0.9986,0.0020975117533771955,0.00944999999999996,0.0071232405234945995,0.00013999999999997332,0.00010677078252030644,0.9887166666666666,0.008850913323870412,0.1469931666666666,0.008459365493673578,0.0,0.0,0.0,0.0,0.11253626373626371,0.027415067587837773,2653.370935234397,171.07053732883654,3083.0474652056682,251.43162228930674,73.30726870968633,12.148876132001604,76.4935001024069,8.585892905137225,0.00016190476190472,0.00010690449676495727,0.22553015138848415,0.05485638141658428,0.7732688888888889,0.04745168562072858,3.339547552948475e-08,3.6629033737499623e-09,0.0,0.0,,,,,0.029801077978564322,0.009556166204994014,0.02171488321575468,0.010523194305331681,0.02401333333333332,0.025440893153433966,0.27123572458213846,0.057914693529045845,0.0004343014943345102,0.00024331837377502505,0.00012114473609102596,7.266638576606979e-05,0.00048669854739790184,0.0004580389873443058,0.00048669854739790184,0.0004580389873443058,0.0,0.0,0.0,0.0,0.0,0.0,0.2712357245788947,0.05791469352413001,0.8125496138617965,0.17349691650322463,0.0012145666036850484,0.0020928369031012538,0.53036733336634,0.2566357589666516,0.00960081923104604,0.007387946316235005,0.45869613606283755,0.25065521110719685,0.00012114473609102596,7.266638576606979e-05,0.0012145666036850484,0.0020928369031012538,0.53036733336634,0.2566357589666516,0.00960081923104604,0.007387946316235005,0.45869613606283755,0.25065521110719685,0.00012114473609102596,7.266638576606979e-05,,,,,,,,,,,,,,,,,,,,,,,,,,,,,,,,
latency_critical,admission_pressure,Intent-PPO-CMDP,5,150.0,0.0,300.0,0.0,1158574908.8,472762013.4039304,1.0,0.0,320.147677999991,7.298897258581943,200.0,0.0,0.001,0.002,0.8482277500344321,0.048446820085510656,0.7978872745728425,0.04765026530522014,0.182,0.236,0.999,0.0020000000000000018,0.15177224996556787,0.048446820085510676,0.20211272542715752,0.04765026530522013,0.21271915673979236,0.04685218897916819,30.354449993113583,9.689364017102129,0.15186103722669875,0.04833076192270739,0.052319608159000816,0.02812536539071469,0.031420291064041914,0.02922884377845643,0.04651227664947608,0.029058120577237008,0.06740517568962902,0.030171790963179856,0.07101578359527963,0.029678494848283124,0.18514006587054915,0.0775665911423246,0.2179395331100714,0.07180652076864534,0.22638911268565778,0.06951804861308739,0.7761714572856186,0.034379047839610405,0.8540744620637188,0.03709545668767182,0.33069000000000004,0.014930891169354593,0.6509102742287736,0.08229114053807611,0.3025774491217502,0.09437780468637098,0.0,0.0,0.0,0.0,75.764623827293,11.55615739074126,90.31602360881372,9.977881529783154,94.97912557759602,10.249210383654061,93.51015077725643,10.413039245813287,2.7658487084689454,0.39592659196994073,2.5360842258709004,0.4029359705846525,2.519317598931624,0.3985035412584303,0.05314703356132432,0.012391602124883305,30027486.648297288,5844501.606193073,28595134.76970322,5461038.138214455,0.03469033078717258,0.007154281987751152,2.1285389239431387,0.4174626821127163,0.6990303803106251,0.04517953305361242,0.632263284113973,0.03551256631885555,0.0,0.0,0.15365826158160806,0.02199592177610781,0.16729308945110472,0.02162388405442968,59.06402460567399,7.969357138509376,0.1740471112667428,0.02926452137074592,,,,,,,,,0.3987580416117321,0.16444763887839817,0.1492692703130484,0.04255463725841914,0.2387926449620097,0.03405452255328262,0.9730766666666668,0.016415015483798204,0.055153333333333276,0.02700785770433814,0.026436666666666643,0.016428039715343047,0.9893466666666665,0.008656470925780884,0.1446416666666666,0.008020025128112491,0.6545966666666667,0.05559132266420322,0.046502333333333284,0.008583287708616593,0.12289523809523803,0.041892165785346554,2450.6544628494808,378.314878085844,2935.568686879427,406.11888787415273,73.02804650146733,12.228738581408747,76.59487630434015,11.207752470111709,0.03959999999999992,0.026679802886943674,0.21139377723282968,0.08780078503352798,0.7465066666666667,0.04171857392134666,3.4710082755708294e-08,7.152454087173334e-09,0.0,0.0,,,,,0.019501230243863417,0.007538018891790215,0.0150569986665792,0.006009230511524744,0.0031399999999999805,0.005694545148161016,0.3070364937798892,0.1041296561470738,0.3942987337198275,0.24858142802801791,0.12763300028318428,0.08536877386750417,0.2717669937325663,0.1670775375847987,0.3693513465862139,0.23322936962611807,0.10164083450723864,0.06936348344042192,0.09758435285364758,0.06657462677262445,0.10104999999999995,0.0691072459619427,0.29083604436206834,0.1155751118088821,0.8712669244082285,0.34623209246547904,0.0005049597798049313,0.0005490193076724497,0.48849573441618066,0.36282817326884415,0.05534872420315203,0.027593827010460793,0.42934061369925136,0.33607852830720897,0.02630996790161082,0.016303589500925968,,,,,,,,,,,,,,,,,,,,,0.0005049597798049313,0.0005490193076724497,0.48849573441618066,0.36282817326884415,0.05534872420315203,0.027593827010460793,0.42934061369925136,0.33607852830720897,0.02630996790161082,0.016303589500925968,,,,,,,,,,,,
latency_critical,admission_pressure,Intent-PPO-CMDP-FullPolicy-NoShield,5,150.0,0.0,300.0,0.0,1158574908.8,472762013.4039304,1.0,0.0,320.147677999991,7.298897258581943,200.0,0.0,0.0,0.0,0.7369101558370315,0.10539293271773624,0.6853619142789142,0.10765035194313975,0.062,0.12151543111885008,1.0,0.0,0.3483472917800186,0.19407579215598145,0.43144672426105946,0.225005827553413,0.4544082857774462,0.2363804944234049,69.66945835600373,38.81515843119628,0.3483472917800186,0.19407579215598145,-0.15047520529552852,0.18596361133390565,-0.21679115492464995,0.21569860391184914,0.2504752052955285,0.18596361133390574,0.31679115492464993,0.2156986039118492,0.3343213265429986,0.22390587566237796,0.1961454186052393,0.07869063379873348,0.23201440004238458,0.07422332861611775,0.24197236017253645,0.07201357013725802,0.7795746949956424,0.03803073552422215,0.857697761346808,0.036319367823844415,0.3427599999999999,0.024327128432632118,0.5278145114995638,0.0934874504998589,0.22171028320490765,0.13194368574839718,0.0,0.0,0.0,0.0,63.15667805381641,16.182548527523483,78.16077611896019,16.513607633153534,84.86260503437407,14.175537691084745,82.96289366314004,15.714202890461895,2.236776862619295,0.42763403767362473,1.9403924646284374,0.4688282329304639,1.914715835478125,0.47819103492550324,0.08565785381769378,0.03153769748688821,28956987.09376524,6013963.314396408,27070155.882124633,5636591.373209684,0.03605744341609364,0.00745944424907914,1.5070421749925642,0.5575279543856453,0.6751965830619416,0.07663863248482479,0.5864603897594023,0.07822246234647812,0.000726589782015,0.0012169413132722823,0.12426538125662745,0.02375744653742361,0.14023668818641952,0.022616764259740442,29.754275875050052,20.638470880687347,0.8464995998029149,0.872574771502579,,,,,,,,,0.5243002431959269,0.21132286465287733,0.3415699141709456,0.17849276492272612,0.4533124637685286,0.19380884329233794,0.8559833333333333,0.10719160466711516,0.05670333333333329,0.028872588692006453,0.1405933333333333,0.1039315210447084,0.98284,0.008054354239926587,0.1505728333333333,0.016342384359558895,0.0,0.0,0.0,0.0,0.149447619047619,0.04812679755406733,1996.3707423345709,394.0746123131556,2366.2263120033776,446.78040262632265,57.07608258950656,16.146414817041745,65.51331835161008,16.174728774962468,0.1360666666666666,0.10731972111258276,0.2238143179688235,0.08613388874717164,0.6215109722222222,0.14005786215637184,3.612729741041599e-08,7.479690230708224e-09,0.0,0.0,,,,,0.02029688142011926,0.007295721961517928,0.0157858675442661,0.005767453903234201,0.0029666666666666396,0.005113772254086649,0.32240496724962414,0.11124805714180634,0.39982955845325474,0.255086189784176,0.14086235196691324,0.10392196693356849,0.2717075463935788,0.16781683134445893,0.2717075463935788,0.16781683134445893,0.0,0.0,0.0,0.0,0.0,0.0,0.32240496718416906,0.1112480571059561,0.9658389653477306,0.3332693950424901,0.0034704763978417744,0.004640660659362839,0.4463310746519464,0.3501135609830959,0.056180939064857736,0.029390423501389033,0.3531551579184407,0.2878990723054349,0.14086235196691324,0.10392196693356849,,,,,,,,,,,,,,,,,,,,,0.0034704763978417744,0.004640660659362839,0.4463310746519464,0.3501135609830959,0.056180939064857736,0.029390423501389033,0.3531551579184407,0.2878990723054349,0.14086235196691324,0.10392196693356849,,,,,,,,,,,,
latency_critical,admission_pressure,Intent-PPO-CMDP-NoRisk,5,150.0,0.0,300.0,0.0,1158574908.8,472762013.4039304,1.0,0.0,274.6141810200061,5.506362305433448,200.0,0.0,0.031,0.048414873747640814,0.8637742926012665,0.06865692755444865,0.8169913863857159,0.06943577551970533,0.378,0.4591470352730158,0.969,0.048414873747640814,0.1362257073987334,0.06865692755444862,0.18300861361428405,0.06943577551970533,0.1952497621102034,0.0728170738065842,27.245141479746696,13.731385510889723,0.13802870339559115,0.0664695262726173,0.09150000301718102,0.010787022153798472,0.0819251050723199,0.022307655435925607,0.00013845987105131616,0.00015254566282766227,0.00113091759205142,0.00226183518410284,0.0012369283432689762,0.0023448829794211774,0.1724976886270901,0.08127733079685995,0.21386349328911583,0.06717854567616316,0.2278656893990251,0.061459389496605,0.7237780339545338,0.02872343077742926,0.805375998378355,0.01623585151142761,0.30899666666666664,0.008757856155729242,0.6547138944736919,0.13031529451337037,0.34514764565525685,0.13042128612450676,0.0,0.0,0.0,0.0,77.35379695241086,16.959376991099777,93.13032744890776,18.314198096803825,97.62052470027656,18.279964368758584,96.47537065595453,18.139418913926892,2.685171995395192,0.5249372606315879,2.446168035454373,0.5311405787415362,2.422855145284353,0.5398349493383949,0.060257187030794225,0.012769362369790023,30779606.532079704,4719617.853561724,28921067.422120124,3834549.72493317,0.033262938231417884,0.005074705864763551,1.9880258082142575,0.34012723064657713,0.7306215470344126,0.027120996379154508,0.651646936447933,0.012409432199784328,0.0,0.0,0.1491762219663995,0.029163181146199323,0.16338185249300038,0.02906946589677096,49.70385459231933,6.529990672102666,0.2455501908870536,0.06389966871960548,,,,,,,,,0.20928521899698285,0.09717055651926247,0.138174863905994,0.06045700598811286,0.2379672800919413,0.04198783151744454,0.9997933333333332,0.00018487232831822557,0.03198666666666662,0.0219908299070317,8e-05,8.781293248212994e-05,0.9871599999999999,0.009946527032085078,0.14354199999999998,0.011388952719875318,0.0,0.0,0.0,0.0,0.07053186813186807,0.02491028547242057,2388.9626160012026,478.4175041585555,2844.669353530418,551.6808923749414,74.21359368391784,19.67544788079263,78.3374276245711,15.450615566533672,7.619047619046953e-05,0.00012988744473318542,0.19694287723044973,0.09637879257101616,0.766401111111111,0.064197471079006,3.33012251481787e-08,5.052096922271215e-09,0.0,0.0,,,,,0.026993197521533556,0.036459318116194336,0.0098861637800199,0.008495011499424922,0.004809999999999979,0.008358253406065127,0.23139643737659962,0.12870588532076807,0.0002986388366498,0.00020229163670244435,8.175168533898021e-05,4.287785214632438e-05,0.00043590209161372404,0.00047290250006948976,0.00043590209161372404,0.00047290250006948976,0.0,0.0,0.0,0.0,0.0,0.0,0.23139643737950907,0.12870588532249308,0.6932017754432105,0.38556837445693143,0.00013197999236788432,0.00013284707469169425,0.5700752081960007,0.4277324102570965,0.032447070184591656,0.022284713948329954,0.3972639899417008,0.40695267023097403,8.175168533898021e-05,4.287785214632438e-05,,,,,,,,,,,,,,,,,,,,,0.00013197999236788432,0.00013284707469169425,0.5700752081960007,0.4277324102570965,0.032447070184591656,0.022284713948329954,0.3972639899417008,0.40695267023097403,8.175168533898021e-05,4.287785214632438e-05,,,,,,,,,,,,
latency_critical,admission_pressure,MaxWeight,5,150.0,0.0,300.0,0.0,1158574908.8,472762013.4039304,0.0,0.0,2.049999311566353e-05,1.1444820164223426e-05,200.0,0.0,0.005,0.01,0.7511984408690227,0.040220014182044656,0.7058626885891857,0.02492764011142805,0.037,0.06910861017268398,0.9949999999999999,0.010000000000000009,0.2488015591309773,0.04022001418204464,0.2941373114108143,0.024927640111428055,0.30135429079049125,0.024302645258642622,49.76031182619547,8.044002836408929,0.24968305254275344,0.03853784815695544,0.09991237695040586,0.00017524609918828096,0.1,0.0,0.0,0.0,0.0,0.0,0.0,0.0,0.14263687754324472,0.014322859837028641,0.1853144584815335,0.02768728676427643,0.19765924291973333,0.029791189423429797,0.7597622031557829,0.026876130956093074,0.8346130611321712,0.0072286363833285235,0.3266299999999999,0.010210666536084267,0.4404299734906562,0.052610204841590576,0.5595700265093437,0.05261020484159059,0.0,0.0,0.0,0.0,71.93977125595947,8.377816150096498,85.99053125594733,8.581481396971853,91.07053801813329,8.457209475450512,89.0208042704264,8.435411295135612,2.05392760345,0.20256542460079752,1.8556265253083377,0.16389811608993166,1.844245090482683,0.16627958309665203,0.06748408056631122,0.015689949764302956,18141510.21900538,1879711.3451612634,16977125.012936953,1790365.1415026942,0.05575779692444026,0.00617306053979015,2.4490154862708424,0.3315797461701471,0.520030929844207,0.020947117934192495,0.46502927564122176,0.01787943330448677,0.006594779315193861,0.0032835200778532124,0.11410708908055553,0.011253634700044316,0.12929513613198268,0.019675741715532314,-2.33862344094472,10.981012023909173,2.2811899826325894,1.717842919450997,,,,,,,,,0.15745028775852388,0.042678929292065224,0.17272160005868326,0.03412522315714614,0.26555928483119506,0.0329167349572567,0.99993,0.0001399999999999846,0.9207799999999999,0.04053485386402399,0.0,0.0,0.95103,0.005971128685414355,0.09293683333333329,0.004329972106658941,0.0,0.0,0.0,0.0,0.1865494505494505,0.04478788548363662,1644.9978940615663,172.16880048536945,2274.120523889926,220.00594566528648,75.63127048453131,10.458875837278525,70.70127835092599,7.3998352803028915,0.0,0.0,0.16845595110352532,0.015858232996821073,0.8388827777777778,0.030194916916598886,5.5881011095982004e-08,6.1488509742784076e-09,0.0,0.0,,,,,,,,,,,,,,,,,,,,,,,,,,,,,,,,,,,,,,,,,,,,,,,,,,,,,,,,,,,,,,,,,,,,,,,,,,,,,,,,,,
latency_critical,admission_pressure,PPO,5,150.0,0.0,300.0,0.0,1158574908.8,472762013.4039304,1.0,0.0,267.553891400015,9.782401107503151,200.0,0.0,0.001,0.002,0.8824953855565256,0.04054737386050748,0.8398639772454526,0.040838499935578906,0.43599999999999994,0.3509757826403411,0.999,0.0020000000000000018,0.11750461444347426,0.040547373860507406,0.16013602275454747,0.04083849993557892,0.1715503709143656,0.03925065670994219,23.500922888694863,8.109474772101487,0.11759187676834446,0.04048167256560168,0.09112962145307665,0.015192257306701476,0.08070218809663095,0.02558482941361295,0.00030345080830963144,0.0002051454947944423,0.00227519502301862,0.00279189800690303,0.002576762564302792,0.0029625311125448797,0.18900224120157574,0.0668340020018513,0.22046918548870428,0.06394900273781311,0.2269387699926416,0.06331990445696024,0.7370894751059159,0.012637827913710683,0.8093327373644537,0.009435723415453675,0.31428,0.006342724616090119,0.677429276843293,0.07547297443484023,0.3222672723483973,0.075587275302955,0.0,0.0,0.0,0.0,77.56380228221323,11.490598021702578,91.47925888436976,11.196868656440818,97.67283723755125,12.637369915901704,95.38493622116928,12.16382880482177,2.8171549441016355,0.2727225409565502,2.5779695597766183,0.27178498266461154,2.5622138326905755,0.26646952789128536,0.05296282070767182,0.005299022673634612,29576871.64112205,4018769.7905283426,28359837.265942078,3888492.380232382,0.03448144937352958,0.004873850062280805,2.211807229826524,0.19230160163197987,0.7147788378280563,0.02938870508541144,0.641090879827613,0.019378889489956773,0.0,0.0,0.15650860800564634,0.015151252275363906,0.1695989375057044,0.014832464441308736,54.872593101556575,17.31469349148049,0.21678696999272037,0.0847764694807421,,,,,,,,,0.3738606654660087,0.08828958945259698,0.12978881908875936,0.0380559793523227,0.23330961227306166,0.03354476536336494,0.99953,0.0002362672686222392,0.07549999999999996,0.1017624341296925,0.00016999999999996667,0.00011469767022720886,0.9909666666666667,0.0033464740980454675,0.14811116666666663,0.0077734069929328645,0.0,0.0,0.0,0.0,0.11574798534798529,0.009131129888509403,2523.8822328788874,245.1162737701736,2975.0710193754226,293.727460530759,74.64639296721356,13.417245684451379,78.1448421245304,10.224215172666879,0.00011428571428568001,9.805362039032622e-05,0.21493072365960603,0.07844976882865333,0.7777522222222222,0.03854127226374774,3.4493021812952206e-08,4.879275754986727e-09,0.0,0.0,,,,,0.02240726837210834,0.008108433304288077,0.016769365779815436,0.005544612512689467,0.0024699999999999935,0.00493167089106498,0.28936301272453663,0.10424170942554471,0.0006925286467004017,0.0004482759822786202,0.000160968612798967,0.00010716637524110025,0.000663649024376996,0.00044792254757569644,0.000663649024376996,0.00044792254757569644,0.0,0.0,0.0,0.0,0.0,0.0,0.289363012723527,0.10424170941748483,0.8668541159886838,0.3122802531523961,0.000295401433370595,0.00021708711983623493,0.49657509413284595,0.3473247050669028,0.07492368120317947,0.1004664664050182,0.42804485461780495,0.2893845337793703,0.000160968612798967,0.00010716637524110025,,,,,,,,,,,,,,,,,,,,,0.000295401433370595,0.00021708711983623493,0.49657509413284595,0.3473247050669028,0.07492368120317947,0.1004664664050182,0.42804485461780495,0.2893845337793703,0.000160968612798967,0.00010716637524110025,,,,,,,,,,,,
latency_critical,admission_pressure,PPO-Lagrangian,5,150.0,0.0,300.0,0.0,1158574908.8,472762013.4039304,1.0,0.0,266.61783722001127,11.520029096061073,200.0,0.0,0.0,0.0,0.828111291553822,0.04417791024401625,0.784930887839276,0.04414368025926184,0.07100000000000001,0.06945502141674136,1.0,0.0,0.17188870844617807,0.04417791024401629,0.21506911216072394,0.044143680259261825,0.22682195881291273,0.04418943076595341,34.37774168923562,8.835582048803257,0.17188870844617807,0.04417791024401629,0.0997017474690729,0.0002467686424564827,0.09766616916764556,0.002751955189897916,0.00029825253092703025,0.00024676864245644505,0.0023338308323544,0.0027519551898979025,0.003957850304540171,0.0032207863307545863,0.12036150280141915,0.043301771178097886,0.16436411290376357,0.033765320080112966,0.1766179028495762,0.030126244677815203,0.744017089750967,0.014006996622811173,0.813000054474934,0.014233770169785099,0.3172766666666666,0.005574421743802513,0.579249438683726,0.07025279894670981,0.42045230878534695,0.07018803119615467,0.0,0.0,0.0,0.0,88.04314611458008,8.284337066715823,102.20400702566249,9.580727593060919,106.83602320772623,10.081220984600478,105.83130779176409,9.875941707573785,2.4053145670842193,0.2928053828503751,2.1993404886250985,0.28943853846747536,2.174263303231,0.29452573405171717,0.057020666846304954,0.008521131426662212,32984611.171621107,3510690.993558508,31038787.255795576,3144423.6121977177,0.030683791340862538,0.003372424677264674,1.9432173769455705,0.33624979461555954,0.7360551264788032,0.027497596558595287,0.6551976209053955,0.020423992474574607,0.0,0.0,0.1336285870602344,0.016266965713909714,0.14600155587528418,0.016768931895516145,52.05079098201249,12.94873712793614,0.22043296819143063,0.0721261015280042,,,,,,,,,0.2804499422248897,0.20072314502528502,0.1684816188539045,0.035512191742284795,0.25151627451349357,0.03281621186753225,0.99963,0.0003033882734128693,0.048293333333333306,0.04096092392621153,0.00016999999999998,0.00014157840387729934,0.98292,0.009381621513481708,0.1376443333333333,0.009662426230852478,0.0,0.0,0.0,0.0,0.11593699633699628,0.08680084468610524,2141.963927053045,300.87288140049895,2547.118757870237,291.94157521835876,86.88352371948636,9.863520474914994,88.3681202927634,7.461413885209745,0.00020952380952377904,0.00016106223357414124,0.13779527080284276,0.045757449090323254,0.8125108333333333,0.027109428363789188,3.0708551220616984e-08,3.3652757710987744e-09,0.0,0.0,,,,,0.01008923714079416,0.005537616279851299,0.00789439176491388,0.003820362179326824,0.0034533333333333,0.0043046538123807454,0.1847176262688337,0.12907234378383567,0.00047639630051296594,0.00037839465086037866,0.00014149104370227242,0.00010927650803997327,0.00033518476862882956,0.0002747091161731348,0.00033518476862882956,0.0002747091161731348,0.0,0.0,0.0,0.0,0.0,0.0,0.1847176262696451,0.12907234378412008,0.5533645545102603,0.3866661858973442,0.00021481928700635154,0.00017527341135633302,0.8202625572543234,0.17407010181817997,0.047861632914718476,0.04044627764441626,0.13151949950024933,0.1442015197790666,0.00014149104370227242,0.00010927650803997327,,,,,,,,,,,,,,,,,,,,,0.00021481928700635154,0.00017527341135633302,0.8202625572543234,0.17407010181817997,0.047861632914718476,0.04044627764441626,0.13151949950024933,0.1442015197790666,0.00014149104370227242,0.00010927650803997327,,,,,,,,,,,,
latency_critical,admission_pressure,PPO_CMDP,5,150.0,0.0,300.0,0.0,1158574908.8,472762013.4039304,1.0,0.0,272.14205237999556,4.344263892369205,200.0,0.0,0.026000000000000002,0.052000000000000005,0.900295391702399,0.026645564307645066,0.8581191873306437,0.028734539944482586,0.4640000000000001,0.27426994002259886,0.974,0.052000000000000005,0.09970460829760089,0.02664556430764516,0.14188081266935623,0.028734539944482586,0.1512126293071915,0.028342974936523806,19.94092165952019,5.329112861529028,0.10118212346120772,0.023878539615161256,0.09485168067502647,0.009683066856005498,0.0882421788228637,0.018389524201237652,0.0002510188166305882,0.00010458625898383528,0.00210298753534044,0.002580095343673047,0.002516255661172188,0.0028599761995538233,0.19493104462803681,0.05025075531895233,0.22361219526322312,0.04752986009009558,0.23139274638889576,0.047073835398924777,0.7286327176256746,0.026380714633017863,0.804519237808816,0.018024327928033147,0.31116666666666665,0.008154187744820348,0.7092717194601157,0.054859256398598566,0.2904772617232537,0.05487053096353353,0.0,0.0,0.0,0.0,75.614434238363,10.65719127985907,89.44089828111314,9.478679612817507,93.40929816047114,9.78207351368675,92.31118437878595,9.495635171172008,2.945855518232313,0.22171802897276474,2.6839962547141196,0.21124496426436962,2.6738015640674666,0.22343459877229027,0.05145257103513654,0.004113881128144641,30308974.909112446,3411782.7675444004,28972135.04200264,3300388.319893155,0.0334284347799724,0.003786780937854443,2.2129306272942038,0.3496309910299312,0.7069515646869873,0.015050749375790456,0.646297740686867,0.010880920554897273,0.0,0.0,0.16365863990179513,0.012317668276264708,0.1774635430554071,0.012759043747665202,63.66430324841574,8.364657792204753,0.16326232261202428,0.021433465821636518,,,,,,,,,0.3613367548724676,0.0795523289936687,0.11881200744689895,0.030942304735003378,0.22772395287809602,0.02692996246432571,0.9987600000000001,0.001881093062852291,0.00925333333333328,0.0069772200767927615,0.00013999999999998,5.9254629448748467e-05,0.98887,0.00909834172925063,0.14700999999999995,0.008060406196684867,0.0,0.0,0.0,0.0,0.11386813186813183,0.024131670635780516,2653.5168912103095,182.37376261416875,3103.2686250903157,249.49348409086036,72.99457709535022,12.793363832795462,76.01155336024554,9.26209106712901,0.00011428571428568857,9.80536203903199e-05,0.22432521881359144,0.05811657113259511,0.7715406944444443,0.05385936721898929,3.343908217913287e-08,3.7858435066934484e-09,0.0,0.0,,,,,0.0297764748070549,0.009577477806584703,0.021773150284721023,0.010566469215210617,0.02433333333333332,0.02571706523778412,0.26461139812510565,0.055908748777205995,0.0003950902702741208,0.00021747768141930945,0.0001109815375726615,6.579662568195581e-05,0.0003993098792182216,0.00032891197904774704,0.0003993098792182216,0.00032891197904774704,0.0,0.0,0.0,0.0,0.0,0.0,0.26461139812844675,0.05590874878239311,0.792704905323632,0.16748764310143752,0.0011288768786024697,0.0019310403142186743,0.5287150515500513,0.26138305809841483,0.00894685948799782,0.006837248350545966,0.46109823054577576,0.2559411554737558,0.0001109815375726615,6.579662568195581e-05,,,,,,,,,,,,,,,,,,,,,0.0011288768786024697,0.0019310403142186743,0.5287150515500513,0.26138305809841483,0.00894685948799782,0.006837248350545966,0.46109823054577576,0.2559411554737558,0.0001109815375726615,6.579662568195581e-05,,,,,,,,,,,,
reliability_first,admission_pressure,Intent-PPO-CMDP,5,150.0,0.0,300.0,0.0,1171006538.6,475560084.31295866,1.0,0.0,320.147677999991,7.298897258581943,200.0,0.0,0.04,0.08,0.8863259940088402,0.08492314182136745,0.8468260717953683,0.10029748536935201,0.48599999999999993,0.4480892768188054,0.96,0.07999999999999999,0.1136740059911598,0.08492314182136752,0.15317392820463166,0.10029748536935204,0.16652020639914372,0.10386226282932422,22.73480119823197,16.984628364273505,0.11410857225362188,0.08438869323417357,-0.04443536371989768,0.05239753641826704,-0.06333899741228483,0.06026626638297285,0.01983816658628576,0.006664638011566793,0.026666771167925457,0.003813966205691602,0.02777842015878812,0.002635103382010571,0.18362460269631248,0.07636721749796208,0.2135445405679511,0.07159885481703912,0.22259451271934463,0.07068602437796576,0.7509109483401755,0.014218284828156963,0.8294924141806789,0.010497059147205856,0.31989,0.0077963139438526575,0.6683948064601262,0.08469604871470578,0.31176702695358793,0.08675575966867943,0.0,0.0,0.0,0.0,76.21266498012992,11.189318447739415,90.416406945003,11.955922760693758,94.83366201982722,11.362741419287712,93.53353006651847,11.491151707321054,2.8030133584363246,0.3867823803963005,2.5584135806394857,0.3956966250259142,2.5440296957302606,0.3902379074639849,0.05444197302827978,0.009750322417335373,30049844.921568464,5811709.222069315,28721823.682734482,5458418.636065522,0.03464504873567048,0.007102389450625014,2.1700652467986514,0.4192972140101458,0.7113661381822828,0.041738461092367625,0.6419865994971155,0.02960071501762011,0.0,0.0,0.15572296435757355,0.0214879100220167,0.16915288738866502,0.021137861796928024,57.177963352506744,8.63348031344997,0.17966437550884354,0.02380897263692098,,,,,,,,,0.38955995313161845,0.14423039479046496,0.143926956253158,0.07626677423185747,0.2966314167359137,0.05298817136449894,0.9881466666666666,0.0038088405934965093,0.0619933333333333,0.030849299649893032,0.0112533333333333,0.003788321234765849,0.9897133333333332,0.008099172797267585,0.14498766666666663,0.007409066581635682,0.68815,0.040926372915273124,0.04978633333333328,0.0069053109713546855,0.11149743589743585,0.027356815990294055,2511.137561947249,390.5988653920775,2960.17724885352,385.2745448902227,73.4173590919371,11.87955950343862,77.05042103616765,10.741273696483796,0.01652380952380948,0.006029406396702637,0.2097711851771858,0.08678112011185646,0.7677879166666667,0.034284650978928084,3.4665013780839156e-08,7.104679193592153e-09,0.0,0.0,,,,,0.01957211879504242,0.00755865694946865,0.01511154997281336,0.006016558288727773,0.00283333333333332,0.005204229049532686,0.32522035299926916,0.10458010508161072,0.3917399141697543,0.2395200780286318,0.12860959695610216,0.08370074920913276,0.2685529592810897,0.1602094896947587,0.38102824547341135,0.23623217149553777,0.11737102893803138,0.08030258553798543,0.11247528619232164,0.0769683963058085,0.1170433333333333,0.08026235356628911,0.3065864481004345,0.1170839702334868,0.9184509172087576,0.35075222834429104,0.0006510942309633104,0.0006794178860924662,0.4931711667622083,0.3564608699033774,0.0617257956509802,0.030392761798529438,0.4330747989833738,0.3328550411519687,0.011377144372474298,0.0038022137434300446,,,,,,,,,,,0.0006510942309633104,0.0006794178860924662,0.4931711667622083,0.3564608699033774,0.0617257956509802,0.030392761798529438,0.4330747989833738,0.3328550411519687,0.011377144372474298,0.0038022137434300446,,,,,,,,,,,,,,,,,,,,,,
reliability_first,admission_pressure,Intent-PPO-CMDP-FullPolicy-NoShield,5,150.0,0.0,300.0,0.0,1171006538.6,475560084.31295866,1.0,0.0,320.147677999991,7.298897258581943,200.0,0.0,0.003,0.006,0.6666052767289499,0.1317405081930994,0.6001063329517603,0.1304950861346532,0.08399999999999999,0.16799999999999998,0.9970000000000001,0.006000000000000005,1.5090925936731547,1.1709524873408856,1.9739352415645857,1.3609960987229912,2.0809397813591497,1.4139553963146057,301.81851873463097,234.19049746817714,1.5094977768760969,1.170476515603761,-0.22397058526575125,0.16696947199306902,-0.2918189084366071,0.19678636222944473,0.2439395952290353,0.17482180823147522,0.314897237579662,0.2026488729908944,0.33043523710499906,0.20901753904649994,0.19650130515890768,0.07746406498875583,0.23362421274406248,0.07087318859245104,0.24164901204878708,0.06887158823442013,0.782464834796804,0.04067621809025272,0.8617591673723369,0.03704747689381405,0.3433133333333333,0.0262953067210777,0.5324024353082557,0.0931013102936868,0.2236579694627089,0.12350474918169502,0.0,0.0,0.0,0.0,64.22754296006919,15.134402118206019,78.99139863269825,14.467183118381316,84.67333787908893,13.951029867956956,83.13257770439283,14.170379197288053,2.2667998538228398,0.40254320829994084,1.9593970152409377,0.42962981939876355,1.9381105531413603,0.4271702416280227,0.08558415340965977,0.03301432670833722,28980515.85025047,5884243.251666759,27168709.94070316,5647936.107684491,0.03598509996857676,0.00736659384737641,1.5446479561360387,0.5102651597068545,0.6714689409729928,0.06812709710830736,0.5849914905946003,0.061885664381644744,0.00026584272417986,0.0004574714682399241,0.12593332521237993,0.022363511572218928,0.14297643094089288,0.022755885710614304,30.358936675675988,20.518778613295243,0.7870230830672162,0.7899565235674776,,,,,,,,,0.5323618907208011,0.19619430350354092,1.3964171707145734,1.0365746452246098,1.8333378389331976,1.2425674391716108,0.8593733333333333,0.10117981715737583,0.0583533333333333,0.028471185043439567,0.13822666666666664,0.09928672653817663,0.9824533333333333,0.00842474134123209,0.1484716666666666,0.013639135032854697,0.0,0.0,0.0,0.0,0.14544615384615384,0.04315684136768578,2024.4271140838227,365.3993072674074,2397.3082521438496,424.16734196060116,57.818977586722916,15.109422268416411,66.69899642792203,15.115737843321579,0.13152380952380946,0.0996075428119478,0.22639510136073637,0.08584282809747036,0.6321647222222222,0.12287816044093741,3.6039059213668334e-08,7.386651333300976e-09,0.0,0.0,,,,,0.02018261222988682,0.00732503322633139,0.01566001245986172,0.005778174367682047,0.00287666666666666,0.005136163721862617,0.3356202896512796,0.10943688964046223,0.39767329175583055,0.2458657106096252,0.13853347828591075,0.099404497826514,0.26978596010718725,0.1603627712451261,0.26978596010718725,0.1603627712451261,0.0,0.0,0.0,0.0,0.0,0.0,0.3356202895922464,0.10943688962014951,1.005428533191029,0.32784362215244767,0.00251207152121173,0.0029217063411858786,0.44570533725267864,0.343492128268666,0.05812709571343744,0.028111003358573902,0.3551220172267612,0.2832035983326094,0.13853347828591075,0.099404497826514,,,,,,,,,,,0.00251207152121173,0.0029217063411858786,0.44570533725267864,0.343492128268666,0.05812709571343744,0.028111003358573902,0.3551220172267612,0.2832035983326094,0.13853347828591075,0.099404497826514,,,,,,,,,,,,,,,,,,,,,,
reliability_first,admission_pressure,Intent-PPO-CMDP-NoRisk,5,150.0,0.0,300.0,0.0,1171006538.6,475560084.31295866,1.0,0.0,274.6141810200061,5.506362305433448,200.0,0.0,0.018,0.02227105745132009,0.8944449479628872,0.09753627209156948,0.8562454716494565,0.11331819503884952,0.597,0.4874587162006645,0.982,0.022271057451320107,0.10557057752852379,0.09755631492754548,0.1437545283505433,0.11331819503884945,0.15854867538126877,0.1103819292997317,21.114115505704767,19.51126298550909,0.1059168909411079,0.09724735055344949,-0.02931044309870126,0.0670834162229322,-0.05119261950992695,0.07222104981373197,0.000206746917777686,0.00010188472958296102,0.00113026450950178,0.00226052901900356,0.001371210740588546,0.0024223695130452276,0.17256644186240147,0.08224147914391419,0.20988024679754352,0.07364125377130179,0.22034274065484158,0.06989370919751597,0.7248913892377524,0.025084911020041376,0.8071231078042251,0.01915577998443941,0.3090433333333333,0.006847445590226393,0.6546696106663931,0.12422692968079505,0.3451236424158291,0.12430820433770476,0.0,0.0,0.0,0.0,77.20863362384786,16.084249978652036,91.23499127719883,16.01496473483629,95.10170215533164,15.360210306608133,93.91723348724767,16.067584712251588,2.691847205427025,0.5124301736810287,2.448962052549869,0.5055789005397495,2.4357940199969845,0.5104313400827194,0.0570858153238475,0.010078140147942456,30770018.048176527,4754737.64459765,29042636.00609682,4063433.597116982,0.03328978960458978,0.005117427090538074,1.997235461136994,0.33865611808704227,0.7292434106377264,0.03202915019967344,0.6513242405575287,0.01682533754893159,0.0,0.0,0.149547066968168,0.02846834298227937,0.16252226115703594,0.028799827434316368,50.42552280980234,6.510900620824114,0.22135099579187076,0.036708590644966774,,,,,,,,,0.22403968989976858,0.09913226175956719,0.1320391424368717,0.08290015033123042,0.2814456480535276,0.03523982921310032,0.9997399999999999,0.00013646326326980957,0.03618666666666662,0.02524449202851539,0.00011333333333330667,5.617433182115041e-05,0.9868333333333332,0.0105704357105614,0.14343983333333327,0.01151972915624901,0.0,0.0,0.0,0.0,0.07309450549450545,0.026270532570468495,2392.4083603986815,465.97790674738985,2853.0835065961332,539.5820141368962,74.18518208716652,18.71878259643649,78.15288948367159,14.667511418370546,0.00012380952380949812,7.737179432983945e-05,0.1972962020317358,0.09633034169940449,0.7683109722222222,0.057548951305592524,3.3317445224556606e-08,5.102308901511429e-09,0.0,0.0,,,,,0.02701047515771146,0.03648812975602412,0.009875934930953381,0.008479219356720465,0.00459333333333332,0.008063198979175533,0.24744457840056108,0.13963976525683972,0.0003885344452199,0.0002937919336898995,0.00010609820322601265,6.599558428328422e-05,0.00033220630235222,0.0002742653044140404,0.00033220630235222,0.0002742653044140404,0.0,0.0,0.0,0.0,0.0,0.0,0.24744457839879436,0.13963976525482386,0.741277709425229,0.418323351445379,0.0001382388561265665,0.00012812596440178145,0.5707917994688421,0.4231993906038012,0.03609912516142515,0.02470522558665541,0.3928647383103801,0.3994160467819079,0.00010609820322601265,6.599558428328422e-05,,,,,,,,,,,0.0001382388561265665,0.00012812596440178145,0.5707917994688421,0.4231993906038012,0.03609912516142515,0.02470522558665541,0.3928647383103801,0.3994160467819079,0.00010609820322601265,6.599558428328422e-05,,,,,,,,,,,,,,,,,,,,,,
reliability_first,admission_pressure,MaxWeight,5,150.0,0.0,300.0,0.0,1171006538.6,475560084.31295866,0.0,0.0,1.6959966160357e-05,6.030780011483788e-06,200.0,0.0,0.005,0.01,0.9244879826316558,0.008411845431055444,0.8827315686865328,0.021777393148409943,0.885,0.034928498393146,0.9949999999999999,0.010000000000000009,0.07551201736834422,0.008411845431055427,0.11726843131346713,0.02177739314840995,0.13745737900356805,0.027953456748345387,15.102403473668852,1.6823690862110867,0.07583223793335689,0.00792460589956147,0.012537284017809703,0.011672860298446603,-0.025314458481533464,0.02768728676427644,0.0,0.0,0.0,0.0,0.0,0.0,0.14263687754324472,0.014322859837028641,0.1853144584815335,0.02768728676427643,0.19765924291973333,0.029791189423429797,0.7597622031557829,0.026876130956093074,0.8346130611321712,0.0072286363833285235,0.3266299999999999,0.010210666536084267,0.4404299734906562,0.052610204841590576,0.5595700265093437,0.05261020484159059,0.0,0.0,0.0,0.0,71.93977125595947,8.377816150096498,85.99053125594733,8.581481396971853,91.07053801813329,8.457209475450512,89.0208042704264,8.435411295135612,2.05392760345,0.20256542460079752,1.8556265253083377,0.16389811608993166,1.844245090482683,0.16627958309665203,0.06748408056631122,0.015689949764302956,18141510.21900538,1879711.3451612634,16977125.012936953,1790365.1415026942,0.05575779692444026,0.00617306053979015,2.4490154862708424,0.3315797461701471,0.520030929844207,0.020947117934192495,0.46502927564122176,0.01787943330448677,0.006594779315193861,0.0032835200778532124,0.11410708908055553,0.011253634700044316,0.12929513613198268,0.019675741715532314,-2.33862344094472,10.981012023909173,2.2811899826325894,1.717842919450997,,,,,,,,,0.15745028775852388,0.042678929292065224,0.07845443815108591,0.004365131781934606,0.2393159350994391,0.006607400874308666,0.99993,0.0001399999999999846,0.9207799999999999,0.04053485386402399,0.0,0.0,0.95103,0.005971128685414355,0.09293683333333329,0.004329972106658941,0.0,0.0,0.0,0.0,0.1865494505494505,0.04478788548363662,1644.9978940615663,172.16880048536945,2274.120523889926,220.00594566528648,75.63127048453131,10.458875837278525,70.70127835092599,7.3998352803028915,0.0,0.0,0.16845595110352532,0.015858232996821073,0.8388827777777778,0.030194916916598886,5.5881011095982004e-08,6.1488509742784076e-09,0.0,0.0,,,,,,,,,,,,,,,,,,,,,,,,,,,,,,,,,,,,,,,,,,,,,,,,,,,,,,,,,,,,,,,,,,,,,,,,,,,,,,,,,,
reliability_first,admission_pressure,PPO,5,150.0,0.0,300.0,0.0,1171006538.6,475560084.31295866,1.0,0.0,267.553891400015,9.782401107503151,200.0,0.0,0.097,0.114,0.9015736770446088,0.10411809919028646,0.8618822237263517,0.11318947775516093,0.6,0.4858394796638083,0.9030000000000001,0.11400000000000002,0.09846035791716896,0.10417258843477334,0.13811777627364813,0.113189477755161,0.15137686345331006,0.11243445632085294,19.6920715834338,20.834517686954666,0.10073345304883999,0.10244834433629514,-0.03480241068842267,0.061948257252438826,-0.05951635787229716,0.06199868082363995,0.00040751543932962005,0.00022322985186995647,0.00444146060421498,0.0022417469071685514,0.00500281699304208,0.0024517853560978675,0.19106335984837547,0.06560317175531656,0.21951635787229712,0.061998680823639955,0.22712999332626221,0.06055063705990331,0.7366772557548199,0.014853977575292374,0.8129284388734155,0.016190745365307714,0.31510999999999995,0.005350239870012067,0.6761238510450822,0.06940247502875059,0.32346863351558824,0.06951203851891312,0.0,0.0,0.0,0.0,78.05293907597587,11.015985334677088,92.11171720173289,11.097733386387771,98.2451973965331,10.939098160351334,96.2424981534231,11.43552943658567,2.812629468477782,0.2718029936368588,2.5833604518206497,0.26179341296554975,2.5610413999594472,0.25829238893590906,0.04989637643351964,0.005230612091066635,29438607.87664913,3966547.3942956054,28204135.73758211,3804964.3717496684,0.034630319100608896,0.0048347262046813284,2.236636222111258,0.2160942545496948,0.7132834589672326,0.02868506283139334,0.6481936736743382,0.018559903135089238,0.0,0.0,0.15625719269321006,0.015100166313158822,0.16890633518806145,0.0149885729885497,54.256106890553404,18.07786407925976,0.21386335370627493,0.08656103619150649,,,,,,,,,0.38746902772991426,0.08694833861227855,0.1303785551145867,0.08579414760195615,0.29085849537050545,0.035059685369994695,0.9994433333333334,0.00024734141945457973,0.07829999999999995,0.10205442393372495,0.00022999999999997334,0.0001271045064329185,0.9907266666666666,0.003895433223660728,0.1478985,0.007792265581259974,0.0,0.0,0.0,0.0,0.1176556776556776,0.0045955688340252,2523.781381227276,249.76195927741367,2968.1630539203625,291.4077668548891,75.28180613056755,13.307902912472006,78.66329891894624,9.63746377976208,0.0001999999999999495,0.00011818736805702683,0.21779736421996893,0.07810269130135589,0.7803723611111112,0.036826866656234164,3.4640508081828334e-08,4.842394471644055e-09,0.0,0.0,,,,,0.022384939957347142,0.008122781206126506,0.016714653097809878,0.0055682870535837875,0.00245,0.0049,0.30210010998199477,0.10600201416529084,0.0008804531663717692,0.0005553436388020835,0.00020617335978008632,0.00013388918083935634,0.0006762426603713262,0.0004267276950911251,0.0006762426603713262,0.0004267276950911251,0.0,0.0,0.0,0.0,0.0,0.0,0.30210010998637127,0.1060020141652261,0.905011049330383,0.3175536548964953,0.0003513655475911215,0.00026848681476829994,0.49188682066754763,0.33830617972517874,0.0779166741666696,0.1012935228725897,0.42963896625841136,0.2803423243879041,0.00020617335978008632,0.00013388918083935634,,,,,,,,,,,0.0003513655475911215,0.00026848681476829994,0.49188682066754763,0.33830617972517874,0.0779166741666696,0.1012935228725897,0.42963896625841136,0.2803423243879041,0.00020617335978008632,0.00013388918083935634,,,,,,,,,,,,,,,,,,,,,,
reliability_first,admission_pressure,PPO-Lagrangian,5,150.0,0.0,300.0,0.0,1171006538.6,475560084.31295866,1.0,0.0,266.61783722001127,11.520029096061073,200.0,0.0,0.048,0.045891175622335065,0.9628465902804116,0.014522392476912855,0.9273187283576118,0.023498725801328897,0.9829999999999999,0.01833030277982338,0.952,0.04589117562233505,0.03715340971958836,0.014522392476912964,0.07268127164238808,0.02349872580132881,0.08877347685742795,0.0236123290065013,7.430681943917686,2.9044784953825893,0.03842370055400586,0.014114552629974644,0.011626122040326658,0.020459732834670136,-0.006710790079304379,0.030634759155245068,0.00033518548521363197,0.0002641832647860585,0.00336718596918338,0.0027550317207397693,0.003899846145265992,0.00317363794971207,0.12117894791620576,0.04252372195102959,0.16542353325527306,0.031980357991395716,0.1781114453902758,0.027554685740392184,0.7437008231467983,0.013632472559642573,0.8115034165664092,0.016869097042035142,0.31645666666666666,0.004115493760035235,0.579462002821072,0.07114146323928847,0.4202028116937143,0.07107077535413482,0.0,0.0,0.0,0.0,88.47723711523909,9.068090622641545,102.72228231464688,11.188608984600124,108.52150055125279,13.146768390794007,106.84040046193635,13.10238884589428,2.4083391888704253,0.29292214667872296,2.159784053221947,0.30125567446424245,2.1477521444253798,0.3020785861220785,0.0643224041264409,0.012189770472845512,32965946.456309546,3432647.1862192433,30885117.70295903,3017585.0865623853,0.0306817131511465,0.0032903987403328783,1.9499104495267172,0.31096651276216625,0.7351984089523576,0.025067956878001233,0.6549162626681848,0.020682463714430152,0.0,0.0,0.1337966216039125,0.016273452593262416,0.1481590462220988,0.01599827558472177,52.08421972079252,13.759973607535418,0.24520400554741886,0.09880774193927981,,,,,,,,,0.28369214807302195,0.19750628770570589,0.08142911136817985,0.018611687477873107,0.2476731030666289,0.03364377457219775,0.9995266666666666,0.0003839270764090836,0.04841666666666664,0.039251843551892214,0.00018999999999997334,0.0001515109090314963,0.9833766666666666,0.009080728066747826,0.13772916666666662,0.009684912478810651,0.0,0.0,0.0,0.0,0.1154285714285714,0.08076983020385071,2149.1877548766192,288.0342920729432,2547.8822687132442,298.51032081422125,87.18602352531691,10.256301648806547,88.88761224764453,8.45188689009534,0.00018095238095234954,0.00016876233473015698,0.13743743579024006,0.04595058294923586,0.811461388888889,0.025018470894885105,3.071418453234775e-08,3.2784983062010414e-09,0.0,0.0,,,,,0.010165809676252439,0.005609919977257366,0.007963004432657619,0.0038880036520430507,0.0033266666666666596,0.004090987384211508,0.18814816938125029,0.12857818437893734,0.0005360969093416752,0.0004189905692280482,0.00015727332775602424,0.00012029510197932989,0.0003788913132447679,0.00030399913745988955,0.0003788913132447679,0.00030399913745988955,0.0,0.0,0.0,0.0,0.0,0.0,0.18814816938319542,0.12857818437925783,0.5636415432313415,0.3851858166199183,0.0002468758209880539,0.00019592303078038117,0.8207498942063977,0.17054291666153426,0.048542917170238356,0.039691178899336745,0.13030303947461963,0.141504720824613,0.00015727332775602424,0.00012029510197932989,,,,,,,,,,,0.0002468758209880539,0.00019592303078038117,0.8207498942063977,0.17054291666153426,0.048542917170238356,0.039691178899336745,0.13030303947461963,0.141504720824613,0.00015727332775602424,0.00012029510197932989,,,,,,,,,,,,,,,,,,,,,,
reliability_first,admission_pressure,PPO_CMDP,5,150.0,0.0,300.0,0.0,1171006538.6,475560084.31295866,1.0,0.0,272.14205237999556,4.344263892369205,200.0,0.0,0.094,0.1310877568653915,0.9092232092908142,0.07705547911338054,0.8590559867798339,0.0832708048881658,0.604,0.3724432842729212,0.906,0.13108775686539156,0.0907825528883371,0.07706559647359049,0.14094401322016598,0.08327080488816578,0.16009940729422065,0.08486514834102063,18.156510577667426,15.413119294718099,0.09245231625495201,0.07562087570600398,-0.03770968647439862,0.04494843618531142,-0.06673058500190811,0.04240413856345361,0.00018762796495287438,0.00012654225940809296,0.00109951159951158,0.00219902319902316,0.0014248413281886744,0.0025853465740874,0.19594334105947248,0.04726046367109825,0.22673058500190807,0.0424041385634536,0.23582979473576451,0.043650469375829726,0.7301416990782358,0.01923584308142082,0.8015204102263349,0.016335111185401457,0.3114033333333333,0.00628041399909272,0.7067959224339317,0.04953974770832291,0.29301644960111534,0.04956569986106896,0.0,0.0,0.0,0.0,76.46160002352012,10.097990295902251,90.16895478565355,10.730497143714818,94.7635542800559,10.802727611254605,93.44771951371642,10.423309638253242,2.932484432499693,0.20402612031934667,2.6752990471997387,0.2124499017276637,2.658912555276694,0.21461594273316642,0.052352530854201496,0.007873176870285074,30248484.695791144,3271306.390793589,28934462.29244392,3077018.4882156714,0.033463766516449334,0.0036231440323978596,2.232926049422687,0.3332532690051391,0.7055693365028459,0.013387238452983757,0.6433528896913833,0.010124449560625052,0.0,0.0,0.1629158018055385,0.011334784462185908,0.1775239694578702,0.012088535676035347,62.41154668656232,8.215775543403987,0.1698118161889661,0.018936171968824547,,,,,,,,,0.37070713099734875,0.07197808583916379,0.11769722738152591,0.06451843729369182,0.27646360526043473,0.0398033793469832,0.9986533333333334,0.0020988991823758024,0.01043333333333328,0.008168156326722536,0.00010666666666665332,7.195677714972881e-05,0.9887633333333333,0.0092211917764342,0.1471123333333333,0.008073560748930245,0.0,0.0,0.0,0.0,0.11548864468864466,0.02763100348486252,2657.817183778048,168.00076833442287,3080.3821818113493,229.2838741467348,73.8477063654658,12.407382915416717,76.85105929986346,8.583964842020931,8.571428571426762e-05,6.317380553054904e-05,0.22604405583160583,0.053242636061553605,0.7758963888888888,0.046678910588723026,3.347295249632367e-08,3.6260100830163926e-09,0.0,0.0,,,,,0.029833498059863777,0.009558902323920333,0.021768884122896244,0.010562743490881566,0.02547666666666664,0.027617839645176185,0.2751897208532416,0.06053288913924861,0.00045782031297948733,0.00026276289659249154,0.00012721451357308099,7.584506403742863e-05,0.0004468492157182574,0.0003521358091712074,0.0004468492157182574,0.0003521358091712074,0.0,0.0,0.0,0.0,0.0,0.0,0.2751897208533756,0.06053288913571238,0.8243947281107712,0.18134032959531926,0.0012554677241011156,0.0021690127765379105,0.5285992863942429,0.25443566335889806,0.010010255034871279,0.00776015292904986,0.46000777633321144,0.2482236286678501,0.00012721451357308099,7.584506403742863e-05,,,,,,,,,,,0.0012554677241011156,0.0021690127765379105,0.5285992863942429,0.25443566335889806,0.010010255034871279,0.00776015292904986,0.46000777633321144,0.2482236286678501,0.00012721451357308099,7.584506403742863e-05,,,,,,,,,,,,,,,,,,,,,,
