intent,scenario,scheme,checkpoint_source_scheme,seed,env_seed,evaluation_seed,policy_seed,policy_fingerprint,evaluation_action_mode,training_steps,evaluation_steps,terminal_drain_steps,terminal_drain_auto_extend,terminal_drain_max_steps,terminal_drain_rng_replay_preserved,effective_environment_steps,terminal_drain_enabled,horizon_protocol,evaluation_action_sampling_seed,universal_training_reused,train_time_s,intent_name,episodes,intent_satisfaction_rate,soft_intent_compliance_score,soft_intent_compliance_p05,relaxed_intent_satisfaction_rate,intent_violation_rate,weighted_violation_mean,weighted_violation_p95,weighted_violation_cvar95,intent_regret_auc,positive_violation_mean,reliability_safety_margin_mean,reliability_safety_margin_p05,blocking_mean,blocking_p95,blocking_cvar95,interruption_mean,interruption_p95,interruption_cvar95,deadline_exposure_mean,deadline_exposure_cvar95,deadline_miss_proxy_mean,service_success_rate_mean,unfinished_rate_mean,right_censored_rate_mean,pending_after_deadline_rate_mean,measurement_service_success_rate_mean,measurement_deadline_exposure_mean,measurement_unfinished_rate_mean,measurement_right_censored_rate_mean,measurement_blocking_mean,measurement_throughput_mean_mbps,drain_added_completions_mean,drain_added_deadline_exposures_mean,drain_removed_unfinished_requests_mean,terminal_drain_requested_steps_mean,terminal_drain_actual_steps_mean,terminal_drain_actual_steps_max,terminal_drain_extension_steps_mean,terminal_drain_extension_steps_max,terminal_total_steps_mean,max_realized_device_deadline_steps_mean,max_realized_device_deadline_steps_max,measurement_rng_stream_preserved,request_conservation_error_max_abs,shield_override_rate_mean,delay_mean_ms,delay_p95_ms,delay_p99_ms,delay_cvar95_ms,throughput_mean_mbps,throughput_p05_mbps,throughput_cvar_low10_mbps,throughput_stability_cv,energy_eff_mean_bpj,energy_eff_p05_bpj,energy_per_mbit_j,energy_delay_product,fairness_mean,fairness_p05,fairness_deficit_mean,utilization_mean,utilization_p95,reward_mean,reward_stability_cv,qmax_terminal,qmax_oscillation_std,lambda_pressure_mean,lambda_terminal_pressure,action_entropy_norm,dynamic_violation_mean,dynamic_violation_step_cvar95,grant_like_action_rate,preempt_action_rate,deny_action_rate,feasibility_filter_active_rate,feasibility_filtered_action_fraction,shield_filter_active_rate,shield_filtered_action_fraction,shock_action_shift_l1,shock_throughput_bits_mean,pre_shock_throughput_bits_mean,shock_delay_ms_mean,pre_shock_delay_ms_mean,shock_block_rate,shock_interruption_rate,queue_load_mean,energy_per_delivered_bit_step,intent_switch_active,intent_action_shift_l1,intent_mode_shift_l1,counterfactual_intent_policy_l1,counterfactual_mode_policy_l1,counterfactual_argmax_change_rate,frozen_policy_entropy_norm,pre_mask_reject_probability,feasible_reject_probability,physical_infeasible_probability_mass,pre_mask_unsafe_probability_mass,shield_filtered_probability_mass,shield_filtered_raw_probability_mass,actual_shield_prevention_rate,stochastic_action_entropy,stochastic_action_entropy_nats,policy_mode_prob_defer,policy_mode_prob_grant,policy_mode_prob_protect,policy_mode_prob_coexist,policy_mode_prob_reject,intent_mode_prob__balanced_agentic__defer,intent_mode_prob__balanced_agentic__grant,intent_mode_prob__balanced_agentic__protect,intent_mode_prob__balanced_agentic__coexist,intent_mode_prob__balanced_agentic__reject,intent_mode_prob__reliability_first__defer,intent_mode_prob__reliability_first__grant,intent_mode_prob__reliability_first__protect,intent_mode_prob__reliability_first__coexist,intent_mode_prob__reliability_first__reject,intent_mode_prob__latency_critical__defer,intent_mode_prob__latency_critical__grant,intent_mode_prob__latency_critical__protect,intent_mode_prob__latency_critical__coexist,intent_mode_prob__latency_critical__reject,post_switch_violation_mean,switch_adaptation_time_steps,switch_adaptation_success,switch_pre_violation_reference,switch_post_violation_reference,switch_settling_band
balanced_agentic,congestion_burst,SOTA-DQN,SOTA-DQN,11,471540437,1073362871,1897045420,a144a83bc4aeee469af0,greedy,150,300,0,0,0,0,300,0,150-step training / 300-step arrival window,546558637,1,249.88632900011726,balanced_agentic,200,0.0,0.9475015729627404,0.9071555551226944,0.955,1.0,0.05249842703725968,0.09284444487730548,0.14416800131285928,10.499685407451937,0.05249842703725968,0.040388788683267694,0.01931605663905958,0.01766844913910476,0.040683943360940396,0.05667397773431417,0.1390056965313752,0.16378004109711425,0.16804172348337326,0.8562991297750113,0.9187943377346593,0.3830166666666666,0.6208141620908962,0.361517388769999,0.08330349860351648,0.2782138901664825,,,,,,,,,,,,,,,,,,,0.0,0.0,70.90343942252406,84.09601304235537,89.61083200364712,87.30409053364964,3.0201483631279817,2.749673918996226,2.740359808693846,0.056482722225060435,28115362.838071395,26996526.26635517,0.035575949752720604,2.2854584934528885,0.6234432051401337,0.574308434806386,0.0,0.16778602017377675,0.18355987537371035,69.08521359711337,0.16146243132989654,,,,,0.7049295466986999,0.05249842703725968,0.18786422290663973,0.9627333333333332,0.1496,0.011166666666666667,0.9961000000000001,0.1642825,0.0,0.0,0.30898901098901105,2771.580172437929,3153.992773499549,61.590456226673716,75.02865050667579,0.01842857142857143,0.1186167960182485,0.7627958333333333,3.558817923874193e-08,1.0,0.9558000000000001,0.46673333333333333,,,,,,,,,,,,,,,,,,,,,,,,,,,,,,,,,,0.04844954196013026,3.4,1.0,0.015526276066130678,0.04682034568192711,0.05
balanced_agentic,congestion_burst,SOTA-DuelingDDQN,SOTA-DuelingDDQN,11,471540437,1073362871,1897045420,36bb440f00a6e6322d45,greedy,150,300,0,0,0,0,300,0,150-step training / 300-step arrival window,546558637,1,219.88599530002102,balanced_agentic,200,0.0,0.9384387113006369,0.864128134686832,0.85,1.0,0.06156128869936314,0.13587186531316792,0.17646255965895413,12.312257739872628,0.06156128869936314,0.027189481221769993,-0.005970695970695974,0.032483848189636656,0.06597069597069596,0.07159152961769281,0.13038133958128895,0.15463330786860197,0.16230542458035158,0.8764388738889253,0.9332079940430023,0.3925,0.601965743912548,0.36555040789781545,0.07137891627512358,0.29417149162269185,,,,,,,,,,,,,,,,,,,0.0,0.0,66.16254993972387,79.84351159597193,82.71607486631017,81.95407487716533,2.9662618191388437,2.7534026752087764,2.729645232921824,0.044803796876357785,28131125.24039955,26995537.237950224,0.03557080540055271,2.094289280797641,0.5844564759097106,0.5306535056264193,8.342377291572778e-06,0.16479232328549126,0.17624536927970552,76.54454606758765,0.10592014115988704,,,,,0.6900840442578923,0.06156128869936314,0.17089446622731436,0.97315,0.14734999999999998,0.020683333333333335,0.9934166666666667,0.16337083333333333,0.0,0.0,0.30245421245421245,2840.021310839028,3034.2374774541286,58.336814972237555,69.84542787544993,0.03871428571428571,0.1340858870514217,0.7424493055555555,3.5573345503707866e-08,1.0,0.8878666666666666,0.7391333333333333,,,,,,,,,,,,,,,,,,,,,,,,,,,,,,,,,,0.0742097734266475,16.495,1.0,0.015041681500331392,0.09230083756137061,0.05
balanced_agentic,congestion_burst,SOTA-DQN,SOTA-DQN,12,1729653623,2128646545,1621075116,f27b5c6814ebe53fd0cb,greedy,150,300,0,0,0,0,300,0,150-step training / 300-step arrival window,2003409612,1,245.8330148998648,balanced_agentic,200,0.0,0.8557162411414602,0.6952125751345256,0.335,1.0,0.14428375885853986,0.3047874248654742,0.32741561476065817,28.856751771707973,0.14428375885853986,0.005695787056288959,-0.03271911015813455,0.05415835878172852,0.09271911015813454,0.10269263524343959,0.13881704029207798,0.16248625182769819,0.16695624150001062,0.9109227336848293,0.9507299414714158,0.4007333333333334,0.5574404527264194,0.388401188491852,0.06912810292820008,0.3192730855636519,,,,,,,,,,,,,,,,,,,0.0,0.0,69.72557062352799,82.64760461760461,87.15582621082622,85.13666145517422,2.9957978955801763,2.7503639640862265,2.7345084088423848,0.05001078700751154,22087019.723799363,21264827.45333388,0.04527977917991125,2.8374625840922514,0.5463838064822286,0.5013345867159903,0.0009224266405820645,0.16643321642112086,0.17953459673700287,75.87328976095334,0.12814203661008886,,,,,0.7293220366979928,0.14428375885853986,0.2763799553205905,0.9655333333333332,0.2145166666666667,0.034383333333333335,0.9921666666666666,0.161695,0.0,0.0,0.18865934065934067,2873.532905679532,3061.632890142061,61.267129833488,72.82650806245721,0.04942857142857143,0.1329453855170491,0.7396812499999998,4.5297844647491496e-08,1.0,0.9562666666666666,0.8014,,,,,,,,,,,,,,,,,,,,,,,,,,,,,,,,,,0.21217748622700763,21.88,1.0,0.05591913143161611,0.2247867806118709,0.05021705083447039
balanced_agentic,congestion_burst,SOTA-DuelingDDQN,SOTA-DuelingDDQN,12,1729653623,2128646545,1621075116,3197daafd08f55ec997a,greedy,150,300,0,0,0,0,300,0,150-step training / 300-step arrival window,2003409612,1,269.2047173001338,balanced_agentic,200,0.0,0.9214233618595432,0.819027806023897,0.77,1.0,0.07857663814045687,0.18097219397610279,0.2224495774830068,15.715327628091375,0.07857663814045687,0.017212718186002722,-0.022874359488163055,0.03909390732989582,0.08287435948816305,0.08766053524878267,0.16000878039299957,0.18802977035001675,0.19478347007160637,0.8940688437170524,0.9428890167114703,0.39408333333333334,0.6065413060070849,0.35436478666301935,0.07266730548670118,0.28169748117631815,,,,,,,,,,,,,,,,,,,0.0,0.0,62.947978131107064,73.88241008681274,77.97004629629627,76.44050737990463,3.1895114296330975,2.934220053324817,2.927894296104605,0.048081463469204395,21665239.275851067,20769692.895934593,0.046166003000938906,2.780670171835598,0.5636071036661393,0.5180213545658042,3.878000991059227e-05,0.17719507942406096,0.19162632330811857,78.77713463179363,0.13610699367695928,,,,,0.6729790869017874,0.07857663814045687,0.1993523078338273,0.9730666666666667,0.17916666666666667,0.024483333333333333,0.9945,0.16512999999999997,0.0,0.0,0.2448937728937729,3093.2326307976855,3241.3538597752417,54.9507870778823,66.1087625399265,0.0380952380952381,0.1731178372663919,0.7457409722222222,4.618700869284662e-08,1.0,0.7609333333333334,0.5111333333333333,,,,,,,,,,,,,,,,,,,,,,,,,,,,,,,,,,0.10630078162911477,32.57,1.0,0.019393218917376852,0.140339252375732,0.05000068087855297
balanced_agentic,congestion_burst,SOTA-DQN,SOTA-DQN,13,1025721121,372372750,535536204,97af549cf8979e5e1f69,greedy,150,300,0,0,0,0,300,0,150-step training / 300-step arrival window,1279880031,1,259.3066386000719,balanced_agentic,200,0.0,0.955341913400176,0.922287487143477,0.995,1.0,0.04465808659982407,0.07771251285652293,0.09051310725429336,8.931617319964815,0.04465808659982407,0.034247755749647585,0.00915168523792407,0.02044930929718628,0.04133575155911922,0.05196801896455042,0.15316199303448821,0.18074657604778085,0.18838599599743644,0.8708541514092292,0.9291637234693472,0.38405,0.6153683788034384,0.3641823118993753,0.08985829842025271,0.27432401347912255,,,,,,,,,,,,,,,,,,,0.0,0.0,59.677310227511114,70.12862280701754,73.33721943573667,72.85616552152403,3.128367961983356,2.8739413082292335,2.860815278107325,0.05097725593455319,25252255.145767413,24304588.722048942,0.03961528362380843,2.218763916005078,0.5633935071570828,0.5195068011718786,0.00024256040828020048,0.17379822011018647,0.1892824099234339,80.44625067694598,0.11768437523791495,,,,,0.6737573978050101,0.04465808659982407,0.1581644592645664,0.9784666666666666,0.13991666666666666,0.01265,0.9938499999999999,0.15861666666666666,0.0,0.0,0.23553113553113555,3040.435806542265,3175.7160456824045,53.40017090291914,62.805935657589,0.020952380952380955,0.15999532917172224,0.7573520833333334,3.9622010355158915e-08,1.0,0.5646,0.42533333333333334,,,,,,,,,,,,,,,,,,,,,,,,,,,,,,,,,,0.04252115550686636,8.69,1.0,0.014631216801024829,0.055772744337367716,0.05
balanced_agentic,congestion_burst,SOTA-DuelingDDQN,SOTA-DuelingDDQN,13,1025721121,372372750,535536204,11d0b87a48ed31102082,greedy,150,300,0,0,0,0,300,0,150-step training / 300-step arrival window,1279880031,1,277.458694400033,balanced_agentic,200,0.0,0.8732919950174599,0.7384674847729564,0.44,1.0,0.12670800498254006,0.2615325152270432,0.3290706562663125,25.341600996508014,0.12670800498254006,0.008889433277208066,-0.03257943143812708,0.05107777510550201,0.09257943143812702,0.10516658255568496,0.12270183736148559,0.15174064242648722,0.15880084666991212,0.9094968066061029,0.9586559858037009,0.39740000000000003,0.5627442219596616,0.3861780029348364,0.07013143874476903,0.31604656419006744,,,,,,,,,,,,,,,,,,,0.0,0.0,66.57563393202695,78.45183404054691,84.73342592592593,82.28004580910513,2.889754481388402,2.653346826198944,2.637946297374391,0.04789443728523333,24602309.076555684,23698635.572041623,0.04065260925673161,2.3463129455025,0.5443261846292515,0.49482660824812275,0.0010932754066094049,0.16054191563268896,0.17367668619305074,74.03476337869226,0.12157084041875146,,,,,0.7375589236074158,0.12670800498254006,0.25627552568109435,0.9666833333333332,0.2608166666666667,0.03183333333333333,0.9903333333333333,0.15397499999999997,0.0,0.0,0.26493040293040293,2819.273064194314,2927.7060137236786,58.580874575256715,69.8636922582214,0.04985714285714286,0.12722385849530432,0.7382104166666668,4.0667684708431916e-08,1.0,0.6874666666666667,0.48046666666666665,,,,,,,,,,,,,,,,,,,,,,,,,,,,,,,,,,0.1852060232984829,21.18,1.0,0.04535447884967177,0.20059825138096685,0.050323121256695365
balanced_agentic,congestion_burst,SOTA-DQN,SOTA-DQN,14,1103526060,1905340783,1823775964,a36c07a532f6662ccc4d,greedy,150,300,0,0,0,0,300,0,150-step training / 300-step arrival window,501583040,1,258.4352931000758,balanced_agentic,200,0.0,0.9419279271339235,0.9134800692447624,0.975,1.0,0.05807207286607651,0.08651993075523756,0.11188902158922084,11.614414573215303,0.05807207286607651,0.04294496968587735,0.02449553960291953,0.017055030314122643,0.03550446039708047,0.04364258428243647,0.07885742511306532,0.10809822361546498,0.11612431673135577,0.8849533721775168,0.9370938289458349,0.3922833333333333,0.5583929715995045,0.42455199808637284,0.088991018018614,0.3355609800677588,,,,,,,,,,,,,,,,,,,0.0,0.0,67.80838914128475,77.60916775639828,82.48939735739606,80.0851159222619,2.9414989107131793,2.6974452954449997,2.693591705789143,0.047935698550168125,28909498.336072654,27475302.24872037,0.03459612489301434,2.070145306346886,0.5534091405511583,0.5134392080694763,0.00023123448345861635,0.16341660615073217,0.177334301702251,81.59018264712601,0.09594062970078059,,,,,0.6788627513600807,0.05807207286607651,0.1528889598189106,0.9882,0.32361666666666666,0.01065,0.9942,0.15693166666666664,0.0,0.0,0.2661538461538462,2880.527619057535,2974.3296062200657,60.248273074591424,70.95647088656007,0.01876190476190476,0.08531001415800694,0.7997187499999999,3.4621275567938656e-08,1.0,1.1499333333333335,0.401,,,,,,,,,,,,,,,,,,,,,,,,,,,,,,,,,,0.05327174750593309,1.01,1.0,0.031182501318735584,0.0567246676099229,0.05
balanced_agentic,congestion_burst,SOTA-DuelingDDQN,SOTA-DuelingDDQN,14,1103526060,1905340783,1823775964,0964be62616634067177,greedy,150,300,0,0,0,0,300,0,150-step training / 300-step arrival window,501583040,1,234.9856014000252,balanced_agentic,200,0.0,0.9331663250614723,0.8725755419942803,0.845,1.0,0.06683367493852767,0.12742445800571958,0.1516986892480356,13.366734987705534,0.06683367493852767,0.005679570622721791,-0.02762886597938144,0.053614893515283125,0.08762886597938144,0.0930523894871543,0.15382960503952928,0.1809647277923162,0.18924016440884706,0.8731806643447173,0.9322088472981782,0.39043333333333335,0.6530713878403447,0.2933137186443723,0.06733989070051312,0.22597382794385915,,,,,,,,,,,,,,,,,,,0.0,0.0,62.693112158973655,73.28472108044626,77.20566386554621,75.84547258998768,3.2896096156861585,3.031138572926899,3.0074529387109448,0.049604826585165455,28411698.590462957,27250691.424554866,0.03520057266103109,2.177886161100818,0.5910590955341157,0.5444272225681211,7.414684529967546e-05,0.18275608976034213,0.1976964732608582,84.09415195477388,0.11158179577939864,,,,,0.7071406789157542,0.06683367493852767,0.22261813060207483,0.9617999999999999,0.1868,0.03358333333333333,0.9937833333333334,0.16583083333333334,0.0,0.0,0.2124175824175824,3136.986717674634,3371.791176153902,55.15964715883651,65.6213364826634,0.03247619047619048,0.15116714890334862,0.7386743055555556,3.5217369405148444e-08,1.0,0.8637333333333334,0.5162666666666667,,,,,,,,,,,,,,,,,,,,,,,,,,,,,,,,,,0.08645100398638242,78.27,1.0,0.010627715747296217,0.17570000284411222,0.050006642621458645
balanced_agentic,congestion_burst,SOTA-DQN,SOTA-DQN,15,1481178426,1997781942,1596015111,de30ef20f74e7e9e5916,greedy,150,300,0,0,0,0,300,0,150-step training / 300-step arrival window,1853986158,1,213.7251293999143,balanced_agentic,200,0.0,0.9715008767105014,0.9464408484512502,1.0,1.0,0.028499123289498593,0.053559151548749726,0.06046271998862844,5.699824657899718,0.028499123289498593,0.027912927637865598,-0.0020689423351652808,0.008699060313459874,0.025258934522893912,0.02911332792570053,0.17071696479004245,0.20206894233516529,0.21027139109896412,0.7909205529429666,0.9056097867767328,0.35681666666666667,0.7532129904573728,0.23808794922916732,0.09408380040687031,0.144004148822297,,,,,,,,,,,,,,,,,,,0.0,0.0,49.72039285063428,60.89638605442176,64.24652923538228,63.749819758740614,3.739538599850873,3.506442117530573,3.485893832153239,0.041174893764392435,28471824.093788818,27431248.29747135,0.035132531201484365,1.9596714574778618,0.6003612483774021,0.555966812667669,0.0,0.20775214443615958,0.22180854400465677,110.27356340787459,0.09495069034226086,,,,,0.6001558727624976,0.028499123289498593,0.14038276868307936,0.9911333333333334,0.09338333333333335,0.005583333333333333,0.9908166666666667,0.15674166666666664,0.0,0.0,0.2643882783882784,3766.684223634395,3724.9217255058993,43.5903864342417,52.48675095356764,0.004380952380952381,0.17571150890529133,0.7189805555555554,3.5142204163967463e-08,1.0,1.1607333333333332,0.5090666666666667,,,,,,,,,,,,,,,,,,,,,,,,,,,,,,,,,,0.02098067656938272,22.335,1.0,0.0018023726847474486,0.043158711432802886,0.05
balanced_agentic,congestion_burst,SOTA-DuelingDDQN,SOTA-DuelingDDQN,15,1481178426,1997781942,1596015111,9be9aef38e709cd2af0a,greedy,150,300,0,0,0,0,300,0,150-step training / 300-step arrival window,1853986158,1,226.10489610000513,balanced_agentic,200,0.0,0.9776534795429829,0.9611376226053343,1.0,1.0,0.022346520457017186,0.03886237739466566,0.04669117014510915,4.469304091403437,0.022346520457017186,0.05143035027355073,0.037762693860208196,0.006919886262046355,0.01991049776244406,0.02433164333921962,0.12913097715309832,0.15914243983864237,0.16402234087806236,0.7750050194015603,0.8967066292145327,0.34595,0.6975028839645679,0.2955772297733858,0.10241763797271579,0.19315959180066997,,,,,,,,,,,,,,,,,,,0.0,0.0,46.5157353993755,56.25144091366352,58.43002885135541,57.49922787894455,3.4649833129925343,3.2317971347101433,3.2143450289972995,0.043386302698474793,27155160.97489111,26218251.23425684,0.03683529994871183,1.781092620307826,0.5843386514619929,0.5480961633890212,0.0,0.19249907294402974,0.20735210354531006,110.72521227002693,0.08460402472659188,,,,,0.6986775810564526,0.022346520457017186,0.14622104457844043,0.9892500000000001,0.24775,0.004366666666666666,0.9911500000000001,0.1550125,0.0,0.0,0.2931208791208791,3533.339800416392,3428.175973610459,40.470416622078346,49.66088495582899,0.010333333333333335,0.14384649059241172,0.7192124999999998,3.6846822607759244e-08,1.0,1.1238666666666666,0.732,,,,,,,,,,,,,,,,,,,,,,,,,,,,,,,,,,0.011601429886275938,0.115,1.0,0.0013180653514844182,0.014574979746717709,0.05
balanced_agentic,emergency_surge,SOTA-DQN,SOTA-DQN,11,471540437,1073362871,1897045420,a144a83bc4aeee469af0,greedy,150,300,0,0,0,0,300,0,150-step training / 300-step arrival window,1909289823,1,249.88632900011726,balanced_agentic,200,0.0,0.931890381283514,0.8890685056418604,0.91,1.0,0.06810961871648609,0.11093149435813959,0.14663942947028494,13.621923743297218,0.06810961871648609,0.036203574604282536,0.015263704318936876,0.02190692446045967,0.043478260869565216,0.05180908720161904,0.14503745969961346,0.16668017287952458,0.17635541352412604,0.8947099084548367,0.9364440319985855,0.41403333333333336,0.5596637423103167,0.41842933322922377,0.06403362084988817,0.35439571237933554,,,,,,,,,,,,,,,,,,,0.0,0.0,79.39625366441827,90.51537549407115,94.5499122807017,93.54938816128688,3.036926389082986,2.779733840376818,2.76493277375218,0.053197144377961504,28296360.123013057,27284104.74457283,0.03534623765213203,2.5568115752886937,0.600935669586677,0.5579483710661443,0.0,0.16871813272683256,0.18498583115429118,75.02175229850363,0.14302016200777465,,,,,0.719320733723841,0.06810961871648609,0.18221370825075617,0.9528,0.14108333333333334,0.015233333333333331,0.9960333333333332,0.16514999999999996,0.0,0.0,0.5395164835164834,2465.2447038607183,3344.7549888180533,68.30888958956257,83.2724242091742,0.02585714285714286,0.1251661225200223,0.7502305555555554,3.535876489508515e-08,1.0,0.9954000000000001,0.3940000000000001,,,,,,,,,,,,,,,,,,,,,,,,,,,,,,,,,,0.07695837515364976,4.16,1.0,0.03133026619564696,0.07299120988895347,0.05
balanced_agentic,emergency_surge,SOTA-DuelingDDQN,SOTA-DuelingDDQN,11,471540437,1073362871,1897045420,36bb440f00a6e6322d45,greedy,150,300,0,0,0,0,300,0,150-step training / 300-step arrival window,1909289823,1,219.88599530002102,balanced_agentic,200,0.0,0.9328579453723184,0.8855634015472247,0.915,1.0,0.06714205462768161,0.11443659845277529,0.1358578569254115,13.428410925536323,0.06714205462768161,0.03038455214401183,0.004444444444444445,0.029250788914593574,0.05555555555555555,0.061839920600877625,0.12624734138407667,0.1574615653389238,0.1635292167229197,0.9023086141329136,0.9482236874988457,0.41674999999999995,0.527500335224411,0.4432488758609955,0.055089471446978976,0.38815940441401653,,,,,,,,,,,,,,,,,,,0.0,0.0,76.09561091952857,86.97377656758188,90.37263493253373,90.0910890762492,2.8831389904990696,2.681539879057169,2.669688896797026,0.04446105634094802,28767059.774026085,27330965.352142707,0.034791404366604224,2.2899099368398637,0.5764651744687539,0.5271637081019708,0.00017043063926973383,0.16017438836105946,0.17240749648100764,79.55096664167307,0.11448074808291109,,,,,0.6732009751525684,0.06714205462768161,0.16219120180820742,0.9731166666666666,0.12835000000000002,0.020466666666666668,0.9922666666666667,0.16297166666666663,0.0,0.0,0.34295970695970696,2453.78999735205,3114.326909885927,67.33191939362601,79.47288593051124,0.03138095238095238,0.12554930815505672,0.7433097222222221,3.479646725211596e-08,1.0,0.7736666666666667,0.6148,,,,,,,,,,,,,,,,,,,,,,,,,,,,,,,,,,0.08020176407907784,15.745,1.0,0.030772242292861855,0.09540417929204752,0.05
balanced_agentic,emergency_surge,SOTA-DQN,SOTA-DQN,12,1729653623,2128646545,1621075116,f27b5c6814ebe53fd0cb,greedy,150,300,0,0,0,0,300,0,150-step training / 300-step arrival window,2098632769,1,245.8330148998648,balanced_agentic,200,0.0,0.8795236305567805,0.7682619671544398,0.51,1.0,0.12047636944321947,0.2317380328455601,0.2874731547513879,24.095273888643895,0.12047636944321947,0.017742553105031353,-0.010032608695652182,0.04209496128112958,0.07003260869565217,0.08425670034203295,0.1370409965787774,0.16463998691711054,0.1707205613956833,0.9278546506116743,0.9599557894767274,0.41923333333333335,0.49639289503537953,0.46151214368349086,0.05380438314716967,0.40770776053632124,,,,,,,,,,,,,,,,,,,0.0,0.0,78.54179519952595,89.94649661110093,95.24166666666663,93.58430321552781,2.9086284529566977,2.699342463280836,2.6874382803253956,0.04599456213946579,22096990.048315544,21119523.580511797,0.04527393967423301,3.1028345187542583,0.5439776398010323,0.4971977008027809,0.0007626224397438496,0.1615904696087054,0.1737170118704436,76.9221190182118,0.11561232187641919,,,,,0.724813538828378,0.12047636944321947,0.2195052287546271,0.9711,0.2303,0.0288,0.9922666666666667,0.16244249999999996,0.0,0.0,0.28088644688644687,2471.162723859509,3144.186922470569,67.05059266852359,81.85106548646678,0.03057142857142857,0.12920050254971344,0.7439590277777779,4.5287634564980886e-08,1.0,0.9277333333333333,0.7774,,,,,,,,,,,,,,,,,,,,,,,,,,,,,,,,,,0.16002406971530106,16.875,1.0,0.06448203147845293,0.17028852072203882,0.05014218835129391
balanced_agentic,emergency_surge,SOTA-DuelingDDQN,SOTA-DuelingDDQN,12,1729653623,2128646545,1621075116,3197daafd08f55ec997a,greedy,150,300,0,0,0,0,300,0,150-step training / 300-step arrival window,2098632769,1,269.2047173001338,balanced_agentic,200,0.0,0.9211918464716677,0.8688090707337369,0.835,1.0,0.07880815352833215,0.13119092926626313,0.1489051600272036,15.761630705666429,0.07880815352833215,0.019987055095682323,-0.0057787775364566965,0.03333596584979035,0.06162604378244188,0.06959364713695865,0.16472772674019012,0.19285590641693148,0.20404974881791227,0.9130125188305075,0.9491323389363554,0.41418333333333335,0.5415846218114705,0.4250794123387392,0.0557800798405791,0.36929933249816005,,,,,,,,,,,,,,,,,,,0.0,0.0,73.67658596746708,83.96018181818181,86.88401444547996,86.0490355449106,3.118072702189213,2.8751042166279537,2.866217741900611,0.04587795103332214,21754212.656756815,20733789.659294352,0.04599259500622996,3.1697491882036655,0.5699464699738548,0.5280844336713519,3.382029989384139e-06,0.1732262612327341,0.1855642132862422,78.22364730163281,0.141407466116162,,,,,0.6884280304930389,0.07880815352833215,0.1838857753192795,0.97345,0.19035,0.022533333333333336,0.9943666666666666,0.16472083333333332,0.0,0.0,0.23419780219780223,2638.1416092397917,3376.4971368542874,61.784339192959266,77.28975337170172,0.02819047619047619,0.18559378026174633,0.7505333333333334,4.6014441883526736e-08,1.0,0.7876666666666666,0.5590666666666667,,,,,,,,,,,,,,,,,,,,,,,,,,,,,,,,,,0.10558701717527898,29.195,1.0,0.03080692044786816,0.13422865663794284,0.05
balanced_agentic,emergency_surge,SOTA-DQN,SOTA-DQN,13,1025721121,372372750,535536204,97af549cf8979e5e1f69,greedy,150,300,0,0,0,0,300,0,150-step training / 300-step arrival window,1743803152,1,259.3066386000719,balanced_agentic,200,0.0,0.940691782395552,0.91288837676199,0.97,1.0,0.05930821760444795,0.08711162323801003,0.11607348991811386,11.86164352088959,0.05930821760444795,0.036804737568245524,0.014169384902143544,0.015376480811174374,0.03507648401826482,0.04319502270643767,0.151926316957543,0.18483167270531398,0.19227549677748473,0.8994534667425359,0.944105435241086,0.4064999999999999,0.5502990057881997,0.434324513400626,0.06799753025981058,0.3663269831408153,,,,,,,,,,,,,,,,,,,0.0,0.0,69.93910467900785,81.86081382846746,84.2669639794168,84.05631193632709,3.046747948038329,2.825304215561825,2.817530832302366,0.04326989573844008,25500028.24877811,24303800.501901545,0.03924303725490042,2.5086522479242848,0.5627216766377257,0.5209246239204696,0.0,0.16926377489101824,0.18184635707231692,83.09695144855642,0.11729976598606619,,,,,0.6717274094692405,0.05930821760444795,0.15966770941782502,0.9812166666666667,0.14265000000000003,0.010249999999999999,0.9937,0.15878666666666663,0.0,0.0,0.24093040293040294,2640.407977630047,3265.5463936427877,61.29855838038643,73.56919491200449,0.015619047619047621,0.16675770559383218,0.767936111111111,3.925072076312531e-08,1.0,0.4556666666666666,0.3220666666666666,,,,,,,,,,,,,,,,,,,,,,,,,,,,,,,,,,0.0681798893188779,3.47,1.0,0.026679110961633255,0.07248194482225961,0.05
balanced_agentic,emergency_surge,SOTA-DuelingDDQN,SOTA-DuelingDDQN,13,1025721121,372372750,535536204,11d0b87a48ed31102082,greedy,150,300,0,0,0,0,300,0,150-step training / 300-step arrival window,1743803152,1,277.458694400033,balanced_agentic,200,0.0,0.8997426361055085,0.7995495164679011,0.645,1.0,0.10025736389449152,0.20045048353209896,0.23167325524199772,20.051472778898304,0.10025736389449152,0.02168597927341178,-0.0070452104810996554,0.038212459976374215,0.06704521048109964,0.07489273922292004,0.12572095426543053,0.15276301454218177,0.16131904483822873,0.9229611048418533,0.9597384765503401,0.41608333333333336,0.4994617164531194,0.46232582357050644,0.058910924705559545,0.40341489886494697,,,,,,,,,,,,,,,,,,,0.0,0.0,73.6445116947084,84.39472125097126,91.065,87.46343423578617,2.7909580286009157,2.55703486741331,2.551620825954211,0.048078617904475866,24070048.025904026,23142863.696673118,0.04155236578888694,2.562186287148983,0.5392881962823782,0.49338035532280994,0.0012945272892210657,0.15505322381116193,0.1676883437255491,73.22002796586905,0.12555404034919576,,,,,0.7287922287269697,0.10025736389449152,0.19726986854395187,0.9729666666666665,0.3012166666666667,0.025366666666666666,0.9904999999999999,0.15402999999999997,0.0,0.0,0.24827106227106227,2443.0050589454213,2978.3173199538737,62.61217198309467,77.42085296163403,0.030380952380952383,0.13915051735494496,0.7417319444444445,4.1571475439066044e-08,1.0,0.6083333333333333,0.4758,,,,,,,,,,,,,,,,,,,,,,,,,,,,,,,,,,0.13192257104708977,17.815,1.0,0.04963979378625481,0.1468798782361786,0.05
balanced_agentic,emergency_surge,SOTA-DQN,SOTA-DQN,14,1103526060,1905340783,1823775964,a36c07a532f6662ccc4d,greedy,150,300,0,0,0,0,300,0,150-step training / 300-step arrival window,526521599,1,258.4352931000758,balanced_agentic,200,0.0,0.9318287064080316,0.915210573071562,0.98,1.0,0.06817129359196847,0.0847894269284381,0.10323841564447678,13.634258718393694,0.06817129359196847,0.04547943355235046,0.026650641025641023,0.014520566447649532,0.03334935897435897,0.03818162824797082,0.08880086718483893,0.11190011361636075,0.11939309310289963,0.9065862655049578,0.9486879529344364,0.42023333333333335,0.49939873952180386,0.48608069403054666,0.07047406227701142,0.41560663175353524,,,,,,,,,,,,,,,,,,,0.0,0.0,75.3322707690358,85.78706637168139,90.44495670427709,89.06954834040879,2.910844200444,2.680455683570571,2.6811740891319493,0.045436768992596625,28683598.51761324,27392767.153781854,0.03487682833208229,2.294342542873981,0.5543168546510312,0.5124417366804414,0.0008193495913443885,0.1617135666913333,0.17456321203984945,84.20351875494944,0.09811537900425707,,,,,0.6802817430558636,0.06817129359196847,0.14995331616067184,0.9886499999999999,0.32335,0.010049999999999998,0.9938999999999999,0.15676999999999996,0.0,0.0,0.24810989010989012,2526.588339779059,3117.7512023405075,64.33089907453152,78.77225439825665,0.014333333333333332,0.09745661495077755,0.796198611111111,3.489268630993246e-08,1.0,1.0784666666666667,0.4931333333333333,,,,,,,,,,,,,,,,,,,,,,,,,,,,,,,,,,0.07330362729199442,0.92,1.0,0.042210007089154636,0.07544943144622819,0.05
balanced_agentic,emergency_surge,SOTA-DuelingDDQN,SOTA-DuelingDDQN,14,1103526060,1905340783,1823775964,0964be62616634067177,greedy,150,300,0,0,0,0,300,0,150-step training / 300-step arrival window,526521599,1,234.9856014000252,balanced_agentic,200,0.0,0.9342221500613626,0.8932778018533334,0.91,1.0,0.06577784993863743,0.10672219814666657,0.12287317605796799,13.155569987727485,0.06577784993863743,0.01548619234585545,-0.012749445676274942,0.042172836953186986,0.07274944567627493,0.07760125980927135,0.1598714036708248,0.18654633483394206,0.19131058781657959,0.8982937731562224,0.9501176324689655,0.4155,0.5710935404498049,0.3867336225970081,0.052351024019916606,0.33438259857709146,,,,,,,,,,,,,,,,,,,0.0,0.0,71.80424719005991,80.06688034188033,84.79050566695727,83.36495104948692,3.1949079887790566,3.0128565310264266,2.9928283255709354,0.041021041232739815,28463350.659397773,27241957.728095498,0.035150495389609106,2.419141063476021,0.5867806822462158,0.5374478798061749,0.0,0.17749488826550316,0.1898818600978359,85.335144287761,0.1046590139910674,,,,,0.7095740285460362,0.06577784993863743,0.18894165399506085,0.9678,0.18928333333333336,0.028733333333333336,0.9929666666666667,0.1658625,0.0,0.0,0.2848058608058608,2724.978613829197,3447.9468829828284,62.9888412675277,74.73347045471783,0.029190476190476194,0.16680398771187258,0.7369027777777777,3.515858119367749e-08,1.0,0.779,0.4936666666666667,,,,,,,,,,,,,,,,,,,,,,,,,,,,,,,,,,0.08265481370128758,54.51,1.0,0.019680298430332567,0.13719363762722792,0.05
balanced_agentic,emergency_surge,SOTA-DQN,SOTA-DQN,15,1481178426,1997781942,1596015111,de30ef20f74e7e9e5916,greedy,150,300,0,0,0,0,300,0,150-step training / 300-step arrival window,397486879,1,213.7251293999143,balanced_agentic,200,0.0,0.9620338147018066,0.9379052572614134,1.0,1.0,0.037966185298193456,0.062094742738586645,0.07109895208977952,7.593237059638691,0.037966185298193456,0.03213563391382133,0.003799861239734349,0.012183616307477685,0.02829957282623672,0.03484684675916866,0.16352238277893363,0.19620013876026565,0.2028361462441089,0.8536200128684236,0.9210909901498143,0.39063333333333333,0.6586064049067989,0.32920997878572356,0.0667959340072121,0.2624140447785115,,,,,,,,,,,,,,,,,,,0.0,0.0,62.1428923941897,71.07149827784156,77.817335,74.5294752798254,3.6222701193817897,3.3542348116129554,3.3632594333046777,0.04235842671171337,28755852.297375493,27568801.38889705,0.03478810624723818,2.349223513895991,0.5783909359314198,0.5348075367840847,0.0,0.20123722885454384,0.2165973056680009,114.39799553178622,0.10222111198393469,,,,,0.6159069042488674,0.037966185298193456,0.1402653692473053,0.98905,0.10080000000000001,0.0084,0.99035,0.15673916666666665,0.0,0.0,0.20416117216117213,3263.81806544135,3815.2827638112567,52.334869483926695,65.47529187295174,0.009380952380952382,0.17725519606371956,0.7388375,3.4796924968214926e-08,1.0,1.0727333333333333,0.42719999999999997,,,,,,,,,,,,,,,,,,,,,,,,,,,,,,,,,,0.0379341401257075,11.35,1.0,0.006867593030136854,0.050770642373142286,0.05
balanced_agentic,emergency_surge,SOTA-DuelingDDQN,SOTA-DuelingDDQN,15,1481178426,1997781942,1596015111,9be9aef38e709cd2af0a,greedy,150,300,0,0,0,0,300,0,150-step training / 300-step arrival window,397486879,1,226.10489610000513,balanced_agentic,200,0.0,0.9661194661700457,0.9457519067014581,1.0,1.0,0.033880533829954186,0.05424809329854183,0.06611986144457807,6.776106765990837,0.033880533829954186,0.04893340880183619,0.03283828178268146,0.009292540800994892,0.02345888794486922,0.03087046510105985,0.13114941200766814,0.15963461538461537,0.16646855739843558,0.8323592641961288,0.9119874011855836,0.3794166666666666,0.6226107490395726,0.3680967101594325,0.07422822480617669,0.2938684853532559,,,,,,,,,,,,,,,,,,,0.0,0.0,58.957702563962265,66.34137052831082,70.619136875,68.28028657527645,3.435669056393054,3.1517615682471622,3.13008779402095,0.048930232114713035,27485600.604504272,26104919.986234017,0.036396145364524644,2.2117117278278857,0.5711994795772795,0.5281537886601708,4.468058742330583e-05,0.19087050313294743,0.20632337840327025,115.28085530630212,0.09517116470579587,,,,,0.6919682848293661,0.033880533829954186,0.14734278193848635,0.9885499999999999,0.23031666666666667,0.006366666666666666,0.9907,0.15679749999999998,0.0,0.0,0.21993406593406595,3057.1334967488656,3639.495896201463,48.6191387865658,63.63984312212444,0.015047619047619048,0.15225465444516614,0.7284999999999999,3.642133653135662e-08,1.0,1.1475333333333333,0.6468666666666667,,,,,,,,,,,,,,,,,,,,,,,,,,,,,,,,,,0.03379821412224928,0.81,1.0,0.0060019004064297676,0.03071459193703311,0.05
balanced_agentic,mixed_stress,SOTA-DQN,SOTA-DQN,11,471540437,1073362871,1897045420,a144a83bc4aeee469af0,greedy,150,300,0,0,0,0,300,0,150-step training / 300-step arrival window,982698968,1,249.88632900011726,balanced_agentic,200,0.0,0.9163826356915379,0.8434735658500685,0.79,1.0,0.083617364308462,0.15652643414993145,0.18044667449535898,16.7234728616924,0.083617364308462,0.030819788019828796,0.007905448717948713,0.025877759713263036,0.04762939958592132,0.0607407138622606,0.15272470674584745,0.17807359517791171,0.1837383946655416,0.8961102005191104,0.9464025019866806,0.4156333333333333,0.4980761383272114,0.4760461019595255,0.06102390065095939,0.41502220130856615,,,,,,,,,,,,,,,,,,,0.0,0.0,85.26429696815669,98.10030649205908,102.57993379362527,101.07239198227727,2.7678945935308947,2.5136460820896396,2.5087608699407875,0.054057063448350186,27751188.48632021,26553652.615396656,0.03603988282427817,2.551651670180395,0.5972480154934953,0.5394720446257437,0.0,0.15377192186282748,0.16874115136636753,86.81444842850291,0.1616498889667025,,,,,0.7998638171130582,0.083617364308462,0.19068335838467185,0.9067000000000001,0.17711666666666667,0.018333333333333333,0.99625,0.1661058333333333,0.0,0.0,0.8527472527472528,1696.4115446264748,3344.8470044794285,75.3510245163677,87.42163068609067,0.03261904761904762,0.16040602809727744,0.7467750000000001,3.605914341383519e-08,1.0,0.8282666666666667,0.2614666666666667,,,,,,,,,,,,,,,,,,,,,,,,,,,,,,,,,,0.10718383316595519,8.805,1.0,0.039103652738823456,0.1052603427086909,0.05
balanced_agentic,mixed_stress,SOTA-DuelingDDQN,SOTA-DuelingDDQN,11,471540437,1073362871,1897045420,36bb440f00a6e6322d45,greedy,150,300,0,0,0,0,300,0,150-step training / 300-step arrival window,982698968,1,219.88599530002102,balanced_agentic,200,0.0,0.8992163534677691,0.8295332519284059,0.595,1.0,0.10078364653223092,0.17046674807159395,0.20028763512069556,20.156729306446184,0.10078364653223092,0.013403182669830444,-0.020452686321322154,0.04659681733016954,0.0804526863213221,0.09126666685216034,0.10243190426188745,0.13035110211426001,0.13413078767235848,0.9065437643767725,0.9449917403562462,0.42106666666666664,0.5009947664428591,0.4524084162269713,0.04747812834609027,0.4049302878808811,,,,,,,,,,,,,,,,,,,0.0,0.0,84.04393141487166,94.56245837957825,98.1001038961039,96.6307912444119,2.7660724046947798,2.551106158069095,2.539695570468556,0.044325401885177446,30721001.187210497,29319929.81645869,0.0325713055490358,2.271571049330792,0.5918526152784964,0.5337683363831012,0.0,0.15367068914971,0.16400293452098766,113.90512588520004,0.08456197202379707,,,,,0.6118129687451759,0.10078364653223092,0.2247024217137394,0.9612,0.07936666666666667,0.03295,0.9925166666666666,0.1586266666666666,0.0,0.0,0.6574065934065934,1976.2717892955084,3191.349659140542,85.16086240305467,83.07863931308273,0.05952380952380953,0.07493230541992545,0.7188569444444446,3.257923727729596e-08,1.0,0.6670666666666666,0.36773333333333336,,,,,,,,,,,,,,,,,,,,,,,,,,,,,,,,,,0.14737961608821715,34.32,1.0,0.036182582215166945,0.18307567057251234,0.05002081110479619
balanced_agentic,mixed_stress,SOTA-DQN,SOTA-DQN,12,1729653623,2128646545,1621075116,f27b5c6814ebe53fd0cb,greedy,150,300,0,0,0,0,300,0,150-step training / 300-step arrival window,270404651,1,245.8330148998648,balanced_agentic,200,0.0,0.873116198857112,0.7821474670402663,0.365,1.0,0.12688380114288803,0.2178525329597337,0.2544287687330832,25.376760228577606,0.12688380114288803,0.015446715076168025,-0.012473058342623565,0.04454717984329836,0.07247305834262356,0.08142859405989704,0.12596102063783315,0.15425394779245888,0.1646669188537398,0.9267680097934197,0.9641419567403359,0.4255666666666667,0.45004472460594885,0.5054080955507528,0.05176726187102384,0.45364083367972896,,,,,,,,,,,,,,,,,,,0.0,0.0,88.82693842414079,100.35929249174916,103.92081487239278,103.1592032046834,2.6908187001299746,2.4817779532271826,2.470309189812447,0.04870685433359026,22655261.148774844,21507879.763236172,0.044156360271088664,3.166238705873667,0.5550727664992184,0.5106720485619375,0.00044787325291700597,0.14948992778499856,0.16150548282098673,100.79194857803563,0.08949533912267647,,,,,0.7086754004723553,0.12688380114288803,0.23163558046402108,0.9687,0.23073333333333335,0.031,0.9921833333333333,0.1618775,0.0,0.0,0.6713186813186812,1816.6412319031233,3161.5296445598174,84.7564025982595,88.03944207837178,0.03638095238095238,0.11643726535978924,0.7428791666666668,4.418178421221018e-08,1.0,0.7777333333333334,0.6098,,,,,,,,,,,,,,,,,,,,,,,,,,,,,,,,,,0.17566481062220088,20.55,1.0,0.06901302724323313,0.18984401228185402,0.05
balanced_agentic,mixed_stress,SOTA-DuelingDDQN,SOTA-DuelingDDQN,12,1729653623,2128646545,1621075116,3197daafd08f55ec997a,greedy,150,300,0,0,0,0,300,0,150-step training / 300-step arrival window,270404651,1,269.2047173001338,balanced_agentic,200,0.0,0.9073582452188874,0.8406530201847899,0.705,1.0,0.09264175478111251,0.15934697981521007,0.18218556795630053,18.528350956222503,0.09264175478111251,0.018971944693632656,-0.00873143196672609,0.03764081150333415,0.06873143196672606,0.0769194945510135,0.15878247589170727,0.1842975483447391,0.19010825961490135,0.9152075397492863,0.9532620346364247,0.42161666666666664,0.4940230624680309,0.46833612602863484,0.05132690808873927,0.4170092179398956,,,,,,,,,,,,,,,,,,,0.0,0.0,84.28429529383816,94.32928921568627,98.0867326732673,96.88919084899904,2.9231231865989993,2.714618437099813,2.694520300997634,0.04584250372843702,22508332.51902109,21462634.04015493,0.04444157427473358,3.2847662311723447,0.5778341974891547,0.5344597028696199,0.0,0.16239573258883325,0.17469003042481449,100.43172625011742,0.11610059837552891,,,,,0.7250116218189524,0.09264175478111251,0.1992568407263468,0.9650833333333334,0.1820166666666667,0.02625,0.9941500000000001,0.1617733333333333,0.0,0.0,0.8168644688644691,1856.1241286939207,3497.6611408555787,77.23852290600875,84.38285672541073,0.03642857142857143,0.17640852857525516,0.7403465277777778,4.4469403087605354e-08,1.0,0.7546666666666667,0.5103333333333333,,,,,,,,,,,,,,,,,,,,,,,,,,,,,,,,,,0.12937779955726403,29.025,1.0,0.04275825735635456,0.1584700794883199,0.05
balanced_agentic,mixed_stress,SOTA-DQN,SOTA-DQN,13,1025721121,372372750,535536204,97af549cf8979e5e1f69,greedy,150,300,0,0,0,0,300,0,150-step training / 300-step arrival window,630784621,1,259.3066386000719,balanced_agentic,200,0.0,0.9385825404749187,0.9193829808309375,0.98,1.0,0.06141745952508134,0.08061701916906248,0.10131105519188503,12.283491905016268,0.06141745952508134,0.04132945794381321,0.020491071428571428,0.01702398903438082,0.03567942210074185,0.04547579083731325,0.13350994016443823,0.16514267687289433,0.17552436557844614,0.8939586616577961,0.9448498202566874,0.41461666666666663,0.5128558572344692,0.4701201537311499,0.06610544085193186,0.4040147128792181,,,,,,,,,,,,,,,,,,,0.0,0.0,80.21640598306479,88.54782100517616,90.64301658640984,90.36879041193646,2.8920821468702993,2.6962415687610783,2.6798729484666337,0.0416601492138962,26811586.952527605,25501653.93106368,0.03732350809994864,2.5976314651058168,0.5778509599883916,0.53959583402303,1.782181313709469e-05,0.16067123038168327,0.1719208345055569,112.6530152047962,0.09133209002170592,,,,,0.6461643834914631,0.06141745952508134,0.16052728389029133,0.9772166666666666,0.12216666666666665,0.011716666666666667,0.9930833333333333,0.15527999999999997,0.0,0.0,0.6082051282051283,1993.2918475848332,3376.0461541778564,82.4187050492534,79.17838610376654,0.016523809523809524,0.14078187482482515,0.7711472222222221,3.7337993290283446e-08,1.0,0.4319333333333333,0.205,,,,,,,,,,,,,,,,,,,,,,,,,,,,,,,,,,0.07135644285782193,3.775,1.0,0.036031629825880554,0.07374522825632174,0.05
balanced_agentic,mixed_stress,SOTA-DuelingDDQN,SOTA-DuelingDDQN,13,1025721121,372372750,535536204,11d0b87a48ed31102082,greedy,150,300,0,0,0,0,300,0,150-step training / 300-step arrival window,630784621,1,277.458694400033,balanced_agentic,200,0.0,0.9023766579867544,0.8291384880402962,0.685,1.0,0.0976233420132457,0.17086151195970367,0.20485643577435148,19.52466840264914,0.0976233420132457,0.02575382699185954,0.0014241422075237655,0.03399091101190524,0.05857585779247622,0.06382474099045216,0.13202471890706946,0.161692604064365,0.16749657391255998,0.9195639272927769,0.9547975231118155,0.4213333333333334,0.43915397892608327,0.5268551100620116,0.061325669676914905,0.46552944038509664,,,,,,,,,,,,,,,,,,,0.0,0.0,82.34014447711368,93.34715142428784,98.66402298850572,97.49648862241276,2.547906662495072,2.3353806333923113,2.3338827590442657,0.05003623834273809,23511499.864010118,22648128.70969943,0.042540561666326755,2.6774391749455813,0.5398019662835567,0.4904376337521119,0.0015229929589563136,0.1415503701386151,0.15406913386813315,86.68799836441026,0.12193800830431559,,,,,0.7100702710615084,0.0976233420132457,0.18303437140456844,0.9749,0.3759166666666666,0.023316666666666666,0.9904333333333334,0.15341916666666666,0.0,0.0,0.48098168498168503,1723.59732464599,2991.7655367215007,73.76140974682872,83.637140657791,0.024571428571428574,0.18124620951085604,0.7567513888888889,4.2559996309523564e-08,1.0,0.5542666666666666,0.45799999999999996,,,,,,,,,,,,,,,,,,,,,,,,,,,,,,,,,,0.12720928197172007,17.925,1.0,0.05638757091071181,0.1409851283949981,0.05
balanced_agentic,mixed_stress,SOTA-DQN,SOTA-DQN,14,1103526060,1905340783,1823775964,a36c07a532f6662ccc4d,greedy,150,300,0,0,0,0,300,0,150-step training / 300-step arrival window,955564766,1,258.4352931000758,balanced_agentic,200,0.0,0.9226630757283959,0.9052622439814031,0.955,1.0,0.07733692427160407,0.09473775601859684,0.12633090883416825,15.467384854320816,0.07733692427160407,0.04403118790923344,0.02407095187917106,0.015949202086903324,0.03592904812082893,0.04321021230945638,0.1049817969486066,0.13116911130284728,0.1382280917180118,0.9019730424761623,0.9405360030903743,0.4254166666666667,0.4597708577615509,0.5242799401515457,0.07317217130824201,0.4511077688433037,,,,,,,,,,,,,,,,,,,0.0,0.0,85.21154364254849,96.42308432807084,99.62738317757008,98.88610519098921,2.743045689545204,2.541811171638778,2.5256688805954424,0.046934190128461596,28488156.247519597,26998026.678044412,0.035113971026034224,2.46225300110694,0.5566954123325237,0.5117882287947652,0.00032533335712362085,0.15239142719695573,0.16417160998009464,101.84257760657648,0.09712819014153462,,,,,0.6762344270204764,0.07733692427160407,0.1522114684770477,0.9875999999999999,0.34826666666666667,0.011083333333333334,0.99385,0.15706749999999997,0.0,0.0,0.4702051282051282,1818.5960627104919,3240.8262578408176,77.80103134384403,85.31007132841452,0.018666666666666668,0.13634746309444323,0.7920520833333333,3.513273157726976e-08,1.0,0.9115333333333333,0.46946666666666664,,,,,,,,,,,,,,,,,,,,,,,,,,,,,,,,,,0.08890442326882302,0.845,1.0,0.053633813675418,0.08783291231218966,0.05
balanced_agentic,mixed_stress,SOTA-DuelingDDQN,SOTA-DuelingDDQN,14,1103526060,1905340783,1823775964,0964be62616634067177,greedy,150,300,0,0,0,0,300,0,150-step training / 300-step arrival window,955564766,1,234.9856014000252,balanced_agentic,200,0.0,0.8659143832485501,0.7636940900477637,0.31,1.0,0.13408561675144998,0.2363059099522363,0.26805983286307544,26.817123350289993,0.13408561675144998,-0.006935862133196805,-0.04337320728021095,0.0653494148455943,0.10337320728021092,0.11400462310252937,0.16126850796521972,0.19922284746503496,0.2092984592892638,0.9053618616309635,0.9574748670080199,0.4205666666666667,0.5304409443414482,0.4042096408129575,0.047725582526295794,0.3564840582866617,,,,,,,,,,,,,,,,,,,0.0,0.0,80.3718741332851,89.87963412441567,93.49357142857143,92.1168858862612,3.0387742670109468,2.8258189975977084,2.816842999334213,0.04444414239454781,30185218.896343708,28558106.504397478,0.03314153223599338,2.428266640378534,0.5944273632301323,0.5526958475131931,0.0,0.16882079261171923,0.1805035766141516,112.03598992468267,0.10877289732402101,,,,,0.7094466094352679,0.13408561675144998,0.3251717399540411,0.9506833333333333,0.13331666666666667,0.045933333333333326,0.9929166666666666,0.1638433333333333,0.0,0.0,0.7115897435897435,2130.488135373804,3527.8514148155637,80.86084657894281,79.16928061428504,0.08128571428571428,0.2078123420499695,0.7201222222222222,3.316055464358054e-08,1.0,0.8433333333333333,0.4382666666666667,,,,,,,,,,,,,,,,,,,,,,,,,,,,,,,,,,0.2163721654820154,64.155,1.0,0.028766110722823028,0.29474746701120924,0.05060465224581545
balanced_agentic,mixed_stress,SOTA-DQN,SOTA-DQN,15,1481178426,1997781942,1596015111,de30ef20f74e7e9e5916,greedy,150,300,0,0,0,0,300,0,150-step training / 300-step arrival window,615353400,1,213.7251293999143,balanced_agentic,200,0.0,0.9576356789169276,0.9411733557252033,1.0,1.0,0.04236432108307241,0.05882664427479659,0.06313405012714739,8.472864216614482,0.04236432108307241,0.043380708379673553,0.02396339076710542,0.012669845428021851,0.030708516886930978,0.03895445588210629,0.1409817786959343,0.17074382970469865,0.1768715531206959,0.8538706279551971,0.9251717744272181,0.39879999999999993,0.5967999989433592,0.39053015562861904,0.06935746976027236,0.3211726858683467,,,,,,,,,,,,,,,,,,,0.0,0.0,72.932948473382,83.30772677805517,86.51576552572247,85.64835772302624,3.3474492622631136,3.1125703011809898,3.0941400917287285,0.04258488620890103,29454781.824779823,27920232.620139197,0.03396770270786134,2.4878558026111843,0.5888833226789746,0.5453451312153043,0.0,0.18596940345906185,0.19887533451281786,139.57821746933885,0.09642474168194151,,,,,0.6228355171266813,0.04236432108307241,0.13926756051916545,0.98855,0.13538333333333333,0.008916666666666665,0.9893,0.15500416666666664,0.0,0.0,0.6778315018315019,2322.4335413595136,3899.3808042881296,67.03052321919742,73.50431354461871,0.007857142857142858,0.1329638090726699,0.7480333333333334,3.397918251390139e-08,1.0,0.8448666666666667,0.3628,,,,,,,,,,,,,,,,,,,,,,,,,,,,,,,,,,0.04536883453981235,2.025,1.0,0.0168059135555386,0.04323908778607876,0.05
balanced_agentic,mixed_stress,SOTA-DuelingDDQN,SOTA-DuelingDDQN,15,1481178426,1997781942,1596015111,9be9aef38e709cd2af0a,greedy,150,300,0,0,0,0,300,0,150-step training / 300-step arrival window,615353400,1,226.10489610000513,balanced_agentic,200,0.0,0.9496729946717584,0.9151681119901762,0.995,1.0,0.05032700532824166,0.0848318880098237,0.09205415186888347,10.06540106564833,0.05032700532824166,0.040173118180171254,0.01853795688847237,0.0130652513241504,0.028106102253985684,0.03334009054101027,0.1496178188895149,0.18109532961516553,0.1874047265434084,0.8396848848707188,0.9287190209772099,0.38910000000000006,0.579635496244473,0.40729925243137655,0.0701128608823598,0.3371863915490168,,,,,,,,,,,,,,,,,,,0.0,0.0,69.47241134557962,77.3525862620831,82.46108794662902,80.27032773195484,3.279397442919103,3.002626335160564,2.9968117897007334,0.04730025385345675,28928997.196398903,27449087.566430315,0.034572919912082625,2.3630001096644926,0.5822264950722943,0.5339409249944652,2.9566996929878132e-05,0.18218874682883907,0.1954230840991796,134.35067485502154,0.09897179167922225,,,,,0.629326490931469,0.05032700532824166,0.14821088560794632,0.9860666666666666,0.13063333333333332,0.0093,0.9908166666666668,0.15797416666666664,0.0,0.0,0.6793699633699635,2252.1996353966456,3832.503954661966,64.60475888323538,70.61732003441251,0.01880952380952381,0.21803879611883795,0.7289458333333333,3.4598874326540125e-08,1.0,0.9865333333333334,0.33166666666666655,,,,,,,,,,,,,,,,,,,,,,,,,,,,,,,,,,0.06499325411427914,3.135,1.0,0.01644219941919535,0.049331151310163524,0.05
