intent,scenario,scheme,num_seeds,training_steps_mean,training_steps_std,evaluation_steps_mean,evaluation_steps_std,terminal_drain_steps_mean,terminal_drain_steps_std,terminal_drain_auto_extend_mean,terminal_drain_auto_extend_std,terminal_drain_max_steps_mean,terminal_drain_max_steps_std,terminal_drain_rng_replay_preserved_mean,terminal_drain_rng_replay_preserved_std,effective_environment_steps_mean,effective_environment_steps_std,terminal_drain_enabled_mean,terminal_drain_enabled_std,evaluation_action_sampling_seed_mean,evaluation_action_sampling_seed_std,universal_training_reused_mean,universal_training_reused_std,train_time_s_mean,train_time_s_std,episodes_mean,episodes_std,intent_satisfaction_rate_mean,intent_satisfaction_rate_std,soft_intent_compliance_score_mean,soft_intent_compliance_score_std,soft_intent_compliance_p05_mean,soft_intent_compliance_p05_std,relaxed_intent_satisfaction_rate_mean,relaxed_intent_satisfaction_rate_std,intent_violation_rate_mean,intent_violation_rate_std,weighted_violation_mean_mean,weighted_violation_mean_std,weighted_violation_p95_mean,weighted_violation_p95_std,weighted_violation_cvar95_mean,weighted_violation_cvar95_std,intent_regret_auc_mean,intent_regret_auc_std,positive_violation_mean_mean,positive_violation_mean_std,reliability_safety_margin_mean_mean,reliability_safety_margin_mean_std,reliability_safety_margin_p05_mean,reliability_safety_margin_p05_std,blocking_mean_mean,blocking_mean_std,blocking_p95_mean,blocking_p95_std,blocking_cvar95_mean,blocking_cvar95_std,interruption_mean_mean,interruption_mean_std,interruption_p95_mean,interruption_p95_std,interruption_cvar95_mean,interruption_cvar95_std,deadline_exposure_mean_mean,deadline_exposure_mean_std,deadline_exposure_cvar95_mean,deadline_exposure_cvar95_std,deadline_miss_proxy_mean_mean,deadline_miss_proxy_mean_std,service_success_rate_mean_mean,service_success_rate_mean_std,unfinished_rate_mean_mean,unfinished_rate_mean_std,right_censored_rate_mean_mean,right_censored_rate_mean_std,pending_after_deadline_rate_mean_mean,pending_after_deadline_rate_mean_std,measurement_service_success_rate_mean_mean,measurement_service_success_rate_mean_std,measurement_deadline_exposure_mean_mean,measurement_deadline_exposure_mean_std,measurement_unfinished_rate_mean_mean,measurement_unfinished_rate_mean_std,measurement_right_censored_rate_mean_mean,measurement_right_censored_rate_mean_std,measurement_blocking_mean_mean,measurement_blocking_mean_std,measurement_throughput_mean_mbps_mean,measurement_throughput_mean_mbps_std,drain_added_completions_mean_mean,drain_added_completions_mean_std,drain_added_deadline_exposures_mean_mean,drain_added_deadline_exposures_mean_std,drain_removed_unfinished_requests_mean_mean,drain_removed_unfinished_requests_mean_std,terminal_drain_requested_steps_mean_mean,terminal_drain_requested_steps_mean_std,terminal_drain_actual_steps_mean_mean,terminal_drain_actual_steps_mean_std,terminal_drain_actual_steps_max_mean,terminal_drain_actual_steps_max_std,terminal_drain_extension_steps_mean_mean,terminal_drain_extension_steps_mean_std,terminal_drain_extension_steps_max_mean,terminal_drain_extension_steps_max_std,terminal_total_steps_mean_mean,terminal_total_steps_mean_std,max_realized_device_deadline_steps_mean_mean,max_realized_device_deadline_steps_mean_std,max_realized_device_deadline_steps_max_mean,max_realized_device_deadline_steps_max_std,measurement_rng_stream_preserved_mean,measurement_rng_stream_preserved_std,request_conservation_error_max_abs_mean,request_conservation_error_max_abs_std,shield_override_rate_mean_mean,shield_override_rate_mean_std,delay_mean_ms_mean,delay_mean_ms_std,delay_p95_ms_mean,delay_p95_ms_std,delay_p99_ms_mean,delay_p99_ms_std,delay_cvar95_ms_mean,delay_cvar95_ms_std,throughput_mean_mbps_mean,throughput_mean_mbps_std,throughput_p05_mbps_mean,throughput_p05_mbps_std,throughput_cvar_low10_mbps_mean,throughput_cvar_low10_mbps_std,throughput_stability_cv_mean,throughput_stability_cv_std,energy_eff_mean_bpj_mean,energy_eff_mean_bpj_std,energy_eff_p05_bpj_mean,energy_eff_p05_bpj_std,energy_per_mbit_j_mean,energy_per_mbit_j_std,energy_delay_product_mean,energy_delay_product_std,fairness_mean_mean,fairness_mean_std,fairness_p05_mean,fairness_p05_std,fairness_deficit_mean_mean,fairness_deficit_mean_std,utilization_mean_mean,utilization_mean_std,utilization_p95_mean,utilization_p95_std,reward_mean_mean,reward_mean_std,reward_stability_cv_mean,reward_stability_cv_std,qmax_terminal_mean,qmax_terminal_std,qmax_oscillation_std_mean,qmax_oscillation_std_std,lambda_pressure_mean_mean,lambda_pressure_mean_std,lambda_terminal_pressure_mean,lambda_terminal_pressure_std,action_entropy_norm_mean,action_entropy_norm_std,dynamic_violation_mean_mean,dynamic_violation_mean_std,dynamic_violation_step_cvar95_mean,dynamic_violation_step_cvar95_std,grant_like_action_rate_mean,grant_like_action_rate_std,preempt_action_rate_mean,preempt_action_rate_std,deny_action_rate_mean,deny_action_rate_std,feasibility_filter_active_rate_mean,feasibility_filter_active_rate_std,feasibility_filtered_action_fraction_mean,feasibility_filtered_action_fraction_std,shield_filter_active_rate_mean,shield_filter_active_rate_std,shield_filtered_action_fraction_mean,shield_filtered_action_fraction_std,shock_action_shift_l1_mean,shock_action_shift_l1_std,shock_throughput_bits_mean_mean,shock_throughput_bits_mean_std,pre_shock_throughput_bits_mean_mean,pre_shock_throughput_bits_mean_std,shock_delay_ms_mean_mean,shock_delay_ms_mean_std,pre_shock_delay_ms_mean_mean,pre_shock_delay_ms_mean_std,shock_block_rate_mean,shock_block_rate_std,shock_interruption_rate_mean,shock_interruption_rate_std,queue_load_mean_mean,queue_load_mean_std,energy_per_delivered_bit_step_mean,energy_per_delivered_bit_step_std,intent_switch_active_mean,intent_switch_active_std,intent_action_shift_l1_mean,intent_action_shift_l1_std,intent_mode_shift_l1_mean,intent_mode_shift_l1_std,counterfactual_intent_policy_l1_mean,counterfactual_intent_policy_l1_std,counterfactual_mode_policy_l1_mean,counterfactual_mode_policy_l1_std,counterfactual_argmax_change_rate_mean,counterfactual_argmax_change_rate_std,frozen_policy_entropy_norm_mean,frozen_policy_entropy_norm_std,pre_mask_reject_probability_mean,pre_mask_reject_probability_std,feasible_reject_probability_mean,feasible_reject_probability_std,physical_infeasible_probability_mass_mean,physical_infeasible_probability_mass_std,pre_mask_unsafe_probability_mass_mean,pre_mask_unsafe_probability_mass_std,shield_filtered_probability_mass_mean,shield_filtered_probability_mass_std,shield_filtered_raw_probability_mass_mean,shield_filtered_raw_probability_mass_std,actual_shield_prevention_rate_mean,actual_shield_prevention_rate_std,stochastic_action_entropy_mean,stochastic_action_entropy_std,stochastic_action_entropy_nats_mean,stochastic_action_entropy_nats_std,policy_mode_prob_defer_mean,policy_mode_prob_defer_std,policy_mode_prob_grant_mean,policy_mode_prob_grant_std,policy_mode_prob_protect_mean,policy_mode_prob_protect_std,policy_mode_prob_coexist_mean,policy_mode_prob_coexist_std,policy_mode_prob_reject_mean,policy_mode_prob_reject_std,intent_mode_prob__balanced_agentic__defer_mean,intent_mode_prob__balanced_agentic__defer_std,intent_mode_prob__balanced_agentic__grant_mean,intent_mode_prob__balanced_agentic__grant_std,intent_mode_prob__balanced_agentic__protect_mean,intent_mode_prob__balanced_agentic__protect_std,intent_mode_prob__balanced_agentic__coexist_mean,intent_mode_prob__balanced_agentic__coexist_std,intent_mode_prob__balanced_agentic__reject_mean,intent_mode_prob__balanced_agentic__reject_std,intent_mode_prob__reliability_first__defer_mean,intent_mode_prob__reliability_first__defer_std,intent_mode_prob__reliability_first__grant_mean,intent_mode_prob__reliability_first__grant_std,intent_mode_prob__reliability_first__protect_mean,intent_mode_prob__reliability_first__protect_std,intent_mode_prob__reliability_first__coexist_mean,intent_mode_prob__reliability_first__coexist_std,intent_mode_prob__reliability_first__reject_mean,intent_mode_prob__reliability_first__reject_std,intent_mode_prob__latency_critical__defer_mean,intent_mode_prob__latency_critical__defer_std,intent_mode_prob__latency_critical__grant_mean,intent_mode_prob__latency_critical__grant_std,intent_mode_prob__latency_critical__protect_mean,intent_mode_prob__latency_critical__protect_std,intent_mode_prob__latency_critical__coexist_mean,intent_mode_prob__latency_critical__coexist_std,intent_mode_prob__latency_critical__reject_mean,intent_mode_prob__latency_critical__reject_std,post_switch_violation_mean_mean,post_switch_violation_mean_std,switch_adaptation_time_steps_mean,switch_adaptation_time_steps_std,switch_adaptation_success_mean,switch_adaptation_success_std,switch_pre_violation_reference_mean,switch_pre_violation_reference_std,switch_post_violation_reference_mean,switch_post_violation_reference_std,switch_settling_band_mean,switch_settling_band_std
balanced_agentic,congestion_burst,SOTA-DQN,5,150.0,0.0,300.0,0.0,0.0,0.0,0.0,0.0,0.0,0.0,0.0,0.0,300.0,0.0,0.0,0.0,1237083495.6,630466756.5427245,1.0,0.0,245.4372810000088,16.654840685674884,200.0,0.0,0.031999999999999994,0.05662155066756826,0.9465583024052464,0.019487520561522923,0.9125176797288297,0.045335226983595545,0.9570000000000001,0.08352245207128439,0.968,0.056621550667568264,0.053468871507796945,0.01953265573172715,0.08748232027117021,0.04533522698359561,0.09831852864962096,0.05306124517813484,10.693774301559397,3.906531146345428,0.05451113886005434,0.018280058711840342,0.030799684592165876,0.013209349084881278,0.0038385650916413798,0.021343758543091163,0.02304998666119612,0.01622025053668368,0.047712850067887516,0.025522302282878554,0.05596745258994092,0.0273406775578444,0.13549915027136225,0.030677676295093277,0.1628027927568089,0.033331573734741736,0.16959023198182038,0.034511654603074,0.8623902368339407,0.039579319644126205,0.9260741046596987,0.01933659285924215,0.38188666666666665,0.014991721419207038,0.6229760817521848,0.07182583939458193,0.35397393158661894,0.06225791205866488,0.08624136606550355,0.010013212353918494,0.2677325655211154,0.06727884168311533,,,,,,,,,,,,,,,,,,,,,,,,,,,,,,,,,,,,,0.0,0.0,0.0,0.0,62.944539294885054,8.054434845583959,74.3689000939847,8.749390540991463,78.0892706219349,8.939931319534889,77.14968095600364,8.736082001784428,3.1572004845121846,0.2851283428241531,2.9183707994959875,0.2892415761286519,2.905000393222637,0.289128986261801,0.0473613663009839,0.004656399657523001,26521888.043771036,2571332.8660608204,25458464.580804422,2415733.040182986,0.03810320937485552,0.004017788082882849,2.249563044440633,0.2964318764186485,0.5759070532859208,0.027912667704710962,0.5270307429645565,0.024731284589449277,0.00018436373091266248,0.0003023972720258187,0.17540002691734355,0.015840463490230706,0.18821870673923152,0.015961784353821583,83.45092364887114,14.080594939435517,0.11675098129716961,0.02126518403144277,33.032995380187444,6.757661422757728,1.5956937774497244,0.12433338434319892,,,,,0.6766503253164997,0.04245951171326856,0.053362093158711744,0.019563781971774444,0.1554489827960534,0.012442861920343095,0.9779733333333333,0.010456356918162343,0.18442999999999996,0.07699861283021779,0.01445666666666664,0.010124127397240505,0.9928933333333333,0.002185319707096043,0.15967083333333323,0.0030451283041751744,0.0,0.0,0.0,0.0,0.24385641025641025,0.037540303460828456,3068.8313121850397,349.0269859794965,3204.783884996032,256.80609065709183,55.2848383570424,7.160031400984759,66.196433051176,8.281000141058055,0.022276190476190418,0.014153239735528341,0.13443793807044882,0.03248945829949051,0.7562390277777777,0.025480226524699563,3.8116133131968436e-08,4.019821351250829e-09,0.0,0.0,,,,,,,,,,,,,,,,,,,,,,,,,,,,,,,,,,,,,,,,,,,,,,,,,,,,,,,,,,,,,,,,,,,,,,,,,,,,,,,,,,
balanced_agentic,congestion_burst,SOTA-DuelingDDQN,5,150.0,0.0,300.0,0.0,0.0,0.0,0.0,0.0,0.0,0.0,0.0,0.0,300.0,0.0,0.0,0.0,1237083495.6,630466756.5427245,1.0,0.0,245.52798090004362,23.349808244871802,200.0,0.0,0.030000000000000006,0.055136195008360894,0.9452746342469623,0.020184102651281555,0.9037646829671067,0.040389966965926026,0.9269999999999999,0.0961041102138717,0.9700000000000001,0.055136195008360894,0.054742877740879735,0.02021079955765568,0.09623531703289327,0.040389966965926005,0.11961909305533384,0.05094443277421377,10.948575548175953,4.042159911531136,0.05562343600853718,0.01901581312632124,0.023423968457553398,0.015255331303711197,-0.00832198292119498,0.02282400415595557,0.034740825501646824,0.015471003428887978,0.06720185517853348,0.024734004923047215,0.07769042910745184,0.025940817654653836,0.1413589509195552,0.015217517710417516,0.17029481955608755,0.016148225567769025,0.1763547750702775,0.016441704716147247,0.8662207414646584,0.04447833039629905,0.9287632341722736,0.02256974471497031,0.3828466666666666,0.017143561797686984,0.6306163041715309,0.04564913507119252,0.33464287032682216,0.032864192512702776,0.07807039679974827,0.012928284975753719,0.2565724735270738,0.042981824922098025,,,,,,,,,,,,,,,,,,,,,,,,,,,,,,,,,,,,,0.0,0.0,0.0,0.0,60.56517836032616,6.764366988870122,70.47347330718658,8.038352036913379,74.09223516719311,8.838819852214508,73.16234907903753,8.855890494116437,3.174267962894406,0.20908290381828537,2.9438318549086713,0.19532163850454654,2.9248953198032743,0.18870354297929967,0.04481742409127278,0.0027061698288223367,25984641.84243027,2541931.505259895,24937657.6652791,2461601.492567012,0.03890051334703406,0.004122698807478925,2.22901087731204,0.28117748662848635,0.5754202385057143,0.01596142917364085,0.531272138809879,0.015134003197480083,0.00010743713894885995,0.00019395346348707786,0.1763482201608003,0.011615716878793623,0.18853586938015154,0.013006190280914882,85.42126198251384,12.650077945691136,0.11066751969855237,0.013570559823488391,24.37102063861397,4.311695477042579,1.7157629582202987,0.192156739679782,,,,,0.6960363411447889,0.024405512746435334,0.04931784747771174,0.017780913600270353,0.14993007247758566,0.004056396357886255,0.9742766666666667,0.007597935392080053,0.19738666666666665,0.04506622953436913,0.0216133333333333,0.009443312742653143,0.9926666666666666,0.0013327081867802642,0.1606833333333333,0.005150879671365718,0.0,0.0,0.0,0.0,0.2571369963369963,0.03212587895523119,3097.425982905452,250.02123305874304,3215.6444136576883,193.98989229975427,53.355883542882815,6.007657059343882,63.827967453667306,6.8916661829128225,0.03266666666666661,0.013748865135603245,0.14897628041292904,0.016317926072525808,0.73853625,0.009653357630465499,3.89100357225847e-08,4.122765237810227e-09,0.0,0.0,,,,,,,,,,,,,,,,,,,,,,,,,,,,,,,,,,,,,,,,,,,,,,,,,,,,,,,,,,,,,,,,,,,,,,,,,,,,,,,,,,
balanced_agentic,mixed_stress,SOTA-DQN,5,150.0,0.0,300.0,0.0,0.0,0.0,0.0,0.0,0.0,0.0,0.0,0.0,300.0,0.0,0.0,0.0,690961281.2,261278220.8318473,1.0,0.0,245.4372810000088,16.654840685674884,200.0,0.0,0.0,0.0,0.9175496325466466,0.02088419294305898,0.8920463891066198,0.024426280304110617,0.7809999999999999,0.2519206224190469,1.0,0.0,0.08245036745335338,0.020884192943059,0.10795361089338,0.024426280304110627,0.12133108837892811,0.0336112216308165,16.49007349067068,4.176838588611798,0.08245036745335338,0.020884192943059,0.03304051023799176,0.011586555526616233,0.010300410201978801,0.016177294244454226,0.024501695593404323,0.012586524659571129,0.0473418530135519,0.01811353052188292,0.05476309151121158,0.021151771308120956,0.13261658239908175,0.01851053908967446,0.1617544865127471,0.021273897155680663,0.16904526708714737,0.020814355098683034,0.896562553079313,0.023775491225375645,0.9433095608883046,0.01280501828078249,0.4162533333333333,0.009847562586187955,0.500794075528695,0.051343700678613546,0.47470422887790054,0.043703670101539645,0.06230072931794526,0.0068300726298243545,0.41240349955995514,0.04596724924979916,,,,,,,,,,,,,,,,,,,,,,,,,,,,,,,,,,,,,0.0,0.0,0.0,0.0,82.7636286521213,5.772977202474735,92.82357998215963,5.6720108912477665,96.97167943106254,4.818931470196165,95.68945931382108,5.327522968782815,2.8850718155509743,0.23810728201899153,2.6600645336752384,0.23752582158316143,2.648140901469344,0.24225172298520828,0.04761160575778012,0.004171366905825763,26986819.47648126,2410025.9681174587,25627748.286264524,2242854.9693382634,0.037402654893591895,0.0037164173154489227,2.663152359824113,0.2566220003785034,0.5769674473269312,0.018297416611608684,0.5334466439133154,0.018137753024463635,7.800197475744718e-05,0.00012265972559187335,0.16028176753060963,0.013228182334388385,0.17301201314011155,0.013458613396099774,107.54279412190184,17.88998265198017,0.10476836981195721,0.014450238743474944,33.032995380187444,6.757661422757728,1.5956937774497244,0.12433338434319892,,,,,0.6920042727259034,0.061662231354549624,0.08059718888882708,0.019310242106380777,0.16063705667379582,0.014986042822341034,0.9656533333333333,0.030135242196176616,0.20434999999999995,0.08461209067792196,0.017176666666666618,0.008770794972204314,0.9928533333333334,0.0022572697372415795,0.15906916666666662,0.004061240608210482,0.0,0.0,0.0,0.0,0.6624923076923078,0.1244979622110125,1916.5023339184038,229.84927304060773,3406.6092287377433,254.42529135528693,77.67108866712307,5.537442448026203,82.96594671734206,5.939642800396484,0.023752380952380896,0.011484166364935036,0.14022312326006967,0.013242519441267564,0.7590348611111112,0.020727472178090567,3.742145112365961e-08,3.7160105258413937e-09,0.0,0.0,,,,,,,,,,,,,,,,,,,,,,,,,,,,,,,,,,,,,,,,,,,,,,,,,,,,,,,,,,,,,,,,,,,,,,,,,,,,,,,,,,
balanced_agentic,mixed_stress,SOTA-DuelingDDQN,5,150.0,0.0,300.0,0.0,0.0,0.0,0.0,0.0,0.0,0.0,0.0,0.0,300.0,0.0,0.0,0.0,690961281.2,261278220.8318473,1.0,0.0,245.52798090004362,23.349808244871802,200.0,0.0,0.0,0.0,0.9155523995759974,0.019081573816610298,0.8786512339031802,0.023663002122751964,0.7310000000000001,0.23412389882282417,1.0,0.0,0.08444760042400233,0.019081573816610305,0.12134876609681977,0.02366300212275191,0.14069501494580042,0.03104072375708113,16.889520084800473,3.816314763322061,0.08444760042400233,0.019081573816610305,0.0204030872240447,0.011810594889360438,-0.00641437444271332,0.01550376655869514,0.036863945334165635,0.013013848984973432,0.06365369936540662,0.018267518946885372,0.07315872197907554,0.021664538747216033,0.142563135910415,0.02182948374933472,0.17433287047644833,0.024707160080841326,0.18252725626427338,0.02357298965150545,0.8986356587010629,0.02586615520564894,0.947523101904238,0.013223549058902283,0.4183733333333334,0.010843459882446293,0.5054409026284944,0.04478218849889233,0.4576951520373399,0.041615387043426516,0.056465860180243244,0.008517102967409844,0.40122929185709655,0.043787815192119585,,,,,,,,,,,,,,,,,,,,,,,,,,,,,,,,,,,,,0.0,0.0,0.0,0.0,80.39713375612378,5.179385029756379,89.82475881646148,6.095213125159857,93.81214608558568,6.8408644964892495,92.47790881803144,6.094379426083173,2.903100617348289,0.23583059180828855,2.6846779214012004,0.215778033784561,2.670988184828315,0.21638991892765264,0.04507055254634666,0.0035669595585082173,27122093.44468146,3455814.965871707,25749521.5610156,3312083.9866439383,0.03752691414629136,0.005011119739857213,2.610075978078375,0.3285517295104049,0.5774151714777301,0.019698759871405593,0.5314267749478933,0.01998179192723903,0.00020448281289149462,0.0003986778394356314,0.16128336763046044,0.01310169954490493,0.17331416906534752,0.014261882917557159,108.9769643866146,14.795253380573696,0.10496572906484185,0.012793480379933025,24.37102063861397,4.311695477042579,1.7157629582202987,0.192156739679782,,,,,0.6723801582975351,0.04842777569709032,0.07601273572162676,0.015612411273232558,0.15266831747827161,0.0032991805298030765,0.9689933333333334,0.009592060374196148,0.17874333333333325,0.10989813394432339,0.02592666666666662,0.009179503738704438,0.9922900000000002,0.0011334117619922087,0.15947099999999995,0.0038031849006968806,0.0,0.0,0.0,0.0,0.666021978021978,0.10751797875835833,1972.7843740046887,180.13171195429854,3404.0401329948436,279.001228387852,77.00703114588038,6.663869362803728,80.38951751199268,4.872455931005128,0.04207619047619042,0.01915300844322648,0.17584889709905877,0.049878941277776104,0.7367855555555556,0.015429967188002673,3.7542611209382084e-08,5.016900652873657e-09,0.0,0.0,,,,,,,,,,,,,,,,,,,,,,,,,,,,,,,,,,,,,,,,,,,,,,,,,,,,,,,,,,,,,,,,,,,,,,,,,,,,,,,,,,
balanced_agentic,nominal,SOTA-DQN,5,150.0,0.0,300.0,0.0,0.0,0.0,0.0,0.0,0.0,0.0,0.0,0.0,300.0,0.0,0.0,0.0,999083877.0,498709197.5315023,0.0,0.0,245.4372810000088,16.654840685674884,200.0,0.0,0.233,0.34762911270490565,0.9677681459265834,0.017738179294925778,0.9408076124918499,0.03569936686138952,0.977,0.034871191548325374,0.767,0.34762911270490565,0.032380103198384094,0.017744421237786006,0.05919238750814994,0.035699366861389435,0.08295635894348492,0.048437121830579986,6.4760206396768325,3.548884247557198,0.03733673894604857,0.01238748715907192,0.0395904783842728,0.012776477965499662,0.006080492821910399,0.019283204269560202,0.0182921800248099,0.014757408889140079,0.04694730044231768,0.026903957964002922,0.05875042403187616,0.03550062770316306,0.11401538278583138,0.025753552792272573,0.14602954558022427,0.031139346283045627,0.1525282263592584,0.03251472375831369,0.7363194246249168,0.16945540756295877,0.8903248228070455,0.05263476895000848,0.24716666666666667,0.05897648778209086,0.8183645537691493,0.06503552290147302,0.16334326620604064,0.057204787526497415,0.0881009000527299,0.018727369442390902,0.0752423661533107,0.04080118963448594,,,,,,,,,,,,,,,,,,,,,,,,,,,,,,,,,,,,,0.0,0.0,0.0,0.0,52.00354601632738,9.684153133330335,66.56994704024382,9.711872112707768,72.08319935124872,9.518067294022163,70.55021197239512,9.563285103865605,2.7740706818071583,0.1449486677148455,2.4963878354369653,0.11579080043247283,2.4685124479560145,0.11965466691045347,0.06022428507398018,0.0029484046938216013,26087383.91352975,2264636.723225445,24668912.981353737,2021303.3763021482,0.03865356561205509,0.0035427301945883645,1.6681151520422801,0.35369383201364285,0.6137750748014681,0.023595773713453103,0.5563350414106765,0.025511970530635353,4.121367957768403e-05,4.954627518050822e-05,0.15411503787817543,0.008052703761935842,0.16890679268419428,0.010393524964897153,82.08058769317054,14.5226548663966,0.12463565774447283,0.018097144357630105,33.032995380187444,6.757661422757728,1.5956937774497244,0.12433338434319892,,,,,0.7061804311475328,0.030095090212285347,0.0420613896542893,0.015115573506098386,0.15522195749289588,0.01486335462527681,0.96954,0.013492304802697298,0.22878333333333328,0.049742749332049495,0.008023333333333299,0.006464798699280739,0.9928166666666668,0.0020689503511577426,0.16228983333333327,0.008999877551636174,0.0,0.0,0.0,0.0,0.27050842490842486,0.04216753839461459,2620.957634960486,142.57241795453902,2856.516168570752,152.16196120783857,55.20452334660123,9.292110649884103,48.899959870242625,9.738528071094146,0.00804761904761898,0.005504069819733296,0.11828323653309228,0.029169923081142322,0.5745927777777778,0.08167544452967718,3.868155622993183e-08,3.531703310710321e-09,0.0,0.0,,,,,,,,,,,,,,,,,,,,,,,,,,,,,,,,,,,,,,,,,,,,,,,,,,,,,,,,,,,,,,,,,,,,,,,,,,,,,,,,,,
balanced_agentic,nominal,SOTA-DuelingDDQN,5,150.0,0.0,300.0,0.0,0.0,0.0,0.0,0.0,0.0,0.0,0.0,0.0,300.0,0.0,0.0,0.0,999083877.0,498709197.5315023,0.0,0.0,245.52798090004362,23.349808244871802,200.0,0.0,0.281,0.2746889149565377,0.9719849500522935,0.012990013735386528,0.9377194294130893,0.017751147219102755,0.9890000000000001,0.01319090595827293,0.719,0.2746889149565377,0.028261034359777393,0.012981832556894283,0.06228057058691068,0.01775114721910278,0.08878738903922957,0.04485158222179599,5.6522068719554905,2.5963665113788594,0.03719711312211736,0.0072977996433972675,0.03781344610803562,0.012274767467451191,0.00861590198477284,0.02289029020682972,0.021798024083919443,0.012244277777273273,0.05028761174403986,0.024738684947489094,0.06408399429289582,0.03325612467801294,0.12054013520993793,0.011644060639580438,0.1477430763574829,0.010428901219207524,0.1580951214378289,0.012237133053781457,0.7302208423804795,0.12524351322755237,0.9061805486701886,0.025140523453041914,0.24677666666666664,0.04225958484309936,0.831352888843502,0.04304138886184797,0.14684908707257835,0.03810909866249447,0.09202752626623047,0.007702315598445322,0.05482156080634789,0.03248793065258212,,,,,,,,,,,,,,,,,,,,,,,,,,,,,,,,,,,,,0.0,0.0,0.0,0.0,50.105013539219414,6.795336936293402,63.4286299170282,8.049618982739746,68.83319242032313,5.984523459024577,66.79643089759324,7.434907880763597,2.816837420486481,0.13105596380764628,2.5420565063128118,0.09982784135554044,2.5247641023818703,0.10016088984976347,0.056237525885018104,0.004173828079252124,25597648.98480047,2089863.4367581161,24302489.570528742,1910650.9795845626,0.03936674676687969,0.0034522690426410253,1.6651607399823611,0.2730696151003094,0.6138914574232283,0.015798001778370353,0.5537723970148636,0.01853531023905595,4.401870746536397e-05,6.293274224161675e-05,0.15649096780480445,0.007280886878202559,0.17004513921292225,0.008532875109423412,84.28682086260197,12.42048251564906,0.1290537538401497,0.01563577027602308,24.37102063861397,4.311695477042579,1.7157629582202987,0.192156739679782,,,,,0.7134195527598894,0.022000697669780602,0.0370088403227784,0.011254635500356954,0.14815445794788595,0.001513699285243707,0.9757166666666667,0.007754690336965263,0.24552999999999997,0.04475841249294805,0.00972999999999994,0.005453188669637857,0.9914399999999999,0.002307755041882373,0.15672349999999993,0.006521951339727869,0.0,0.0,0.0,0.0,0.31472234432234425,0.07538357600995013,2638.8983407610835,76.23022334900716,2912.6507711078493,166.57018491950276,54.10841263094608,6.550336583661739,46.62365159838252,7.0565343037263375,0.00947619047619042,0.004806458240360189,0.12882514404490134,0.01658947372665157,0.5644493055555555,0.04317963555317052,3.938389919642311e-08,3.4403739618668412e-09,0.0,0.0,,,,,,,,,,,,,,,,,,,,,,,,,,,,,,,,,,,,,,,,,,,,,,,,,,,,,,,,,,,,,,,,,,,,,,,,,,,,,,,,,,
latency_critical,congestion_burst,SOTA-DQN,5,150.0,0.0,300.0,0.0,0.0,0.0,0.0,0.0,0.0,0.0,0.0,0.0,300.0,0.0,0.0,0.0,1254729370.2,633539124.5077837,1.0,0.0,245.4372810000088,16.654840685674884,200.0,0.0,0.007000000000000001,0.014000000000000002,0.8093449892523262,0.04265954581166839,0.767874187657686,0.030838019053829453,0.077,0.14654692081377896,0.993,0.014000000000000012,0.19065501074767374,0.04265954581166839,0.23212581234231408,0.03083801905382954,0.2408480100443593,0.033303058290507934,38.13100214953475,8.531909162333674,0.19146176816625884,0.0411614663250038,0.07962156596050543,0.01336427814605502,0.05623350253089292,0.019958442203394735,0.0203784340394945,0.013364278146055012,0.04376649746910698,0.01995844220339473,0.05131802246059984,0.020467068064156754,0.13374047323446786,0.029713213636639552,0.1613338094317916,0.032196867917705735,0.1684763444428851,0.033421256877981025,0.8606014143020643,0.041246576304122054,0.9280264298195734,0.016441305789038112,0.38228999999999996,0.015684520323483865,0.623827913260351,0.07084758945925043,0.3557936527001545,0.06356483619369119,0.0873633655578174,0.009523633568803978,0.26843028714233713,0.06910362149317924,,,,,,,,,,,,,,,,,,,,,,,,,,,,,,,,,,,,,0.0,0.0,0.0,0.0,63.70604956317847,8.505335902491316,74.27380322813312,8.756954886308453,78.37626740377797,9.61538345511141,77.20582589038654,9.145959482482471,3.161967748912634,0.28470547102391874,2.923752685402623,0.2758569070518196,2.90010342502401,0.2753258833496619,0.04862071498279622,0.002127902055554768,26700972.20451677,2671945.146075366,25617494.427269123,2472311.5149758733,0.03787134303428698,0.00411080176026211,2.2671167671982686,0.3247335538292612,0.5823319703004919,0.0243053644368463,0.5374692386742745,0.023465297450917175,0.00010469654582924064,0.0001261165369016537,0.17566487493959074,0.015816970612439942,0.18960600360329538,0.016750110805881107,83.68297853079261,14.861689033197658,0.1119302955682095,0.015622974328669083,33.032995380187444,6.757661422757728,1.5956937774497244,0.12433338434319892,,,,,0.6719674170964135,0.03696730932571904,0.14109859933544483,0.03434881088138259,0.22158773551356195,0.025368919182732676,0.97998,0.007983339596378872,0.1744633333333333,0.06195274758502109,0.012789999999999963,0.008347358863736495,0.9927733333333334,0.0027336910335052185,0.1596393333333333,0.0032443947132794583,0.0,0.0,0.0,0.0,0.23964249084249079,0.0432415069723195,3063.198142170534,369.9407951379644,3215.1513833122262,242.21348206561544,55.85499675572112,7.328093705021783,67.15287483789567,8.77499522021762,0.0189714285714285,0.011399908501045062,0.13048803694182537,0.032336012561683544,0.7599497222222222,0.02673922370265593,3.788489462453434e-08,4.107229805280837e-09,0.0,0.0,,,,,,,,,,,,,,,,,,,,,,,,,,,,,,,,,,,,,,,,,,,,,,,,,,,,,,,,,,,,,,,,,,,,,,,,,,,,,,,,,,
latency_critical,congestion_burst,SOTA-DuelingDDQN,5,150.0,0.0,300.0,0.0,0.0,0.0,0.0,0.0,0.0,0.0,0.0,0.0,300.0,0.0,0.0,0.0,1254729370.2,633539124.5077837,1.0,0.0,245.52798090004362,23.349808244871802,200.0,0.0,0.004,0.008,0.813732408929852,0.045366454060428156,0.7660652733499196,0.031263748058702814,0.10300000000000001,0.17926516672237247,0.9960000000000001,0.008000000000000007,0.18626759107014798,0.04536645406042821,0.23393472665008042,0.03126374805870282,0.24228124805239024,0.029671086134430043,37.2535182140296,9.073290812085647,0.1867022130092527,0.04460401246935375,0.06662700184272093,0.013459053302946514,0.037133099776215664,0.02265334813673597,0.033372998157279,0.013459053302946514,0.06286690022378424,0.02265334813673597,0.07071751174177868,0.023197152702434224,0.14325975455337744,0.01640351700326218,0.1716727913171049,0.01620459449288342,0.17768039012215794,0.0149331481156606,0.8602564743054515,0.050006658867263194,0.9311695259940416,0.019595378375966963,0.37934,0.01978600403203121,0.633869962982209,0.0552521359967865,0.33275703886051206,0.04376884362312806,0.07815099562310067,0.01085192300419355,0.2546060432374113,0.051943758809980776,,,,,,,,,,,,,,,,,,,,,,,,,,,,,,,,,,,,,0.0,0.0,0.0,0.0,60.7877272924829,7.452210372463679,72.92399427732006,8.633510630482485,77.1655339594728,9.209978462091746,75.61180782453793,9.249747408725385,3.1860817256977683,0.24331947358654407,2.956123844323078,0.23579716797514685,2.9338515422827447,0.23555140988287998,0.04585479160058184,0.0026265834812403046,26132664.268711977,2398232.687677446,25137671.277226903,2327708.9544983604,0.03862809486973366,0.003807482286193191,2.2263436577976243,0.28068476656358654,0.576118140218237,0.018441963763950978,0.5289902725109195,0.018906465058693794,0.0001838066362525033,0.0002937057464715317,0.17700454031654264,0.013517748532585782,0.19070132179914662,0.014307208899221305,86.06283223522013,12.56512118499101,0.11336835014960049,0.01270316222720694,24.37102063861397,4.311695477042579,1.7157629582202987,0.192156739679782,,,,,0.6875588932014263,0.022279161034524136,0.13533081128984792,0.03537297895949006,0.21874564193907098,0.026760864920211454,0.9751266666666666,0.0067930487346338445,0.18092666666666662,0.0450310825985785,0.02078666666666662,0.008242474008316774,0.99275,0.0015782198128834492,0.1607983333333333,0.00482979189222705,0.0,0.0,0.0,0.0,0.2516058608058608,0.042429088989522024,3109.1409761688737,302.53587958529516,3227.5113600594814,217.14342044800082,53.56511970893799,6.923812833245587,63.988104407832054,7.438604668536118,0.0321238095238095,0.01297688857886236,0.1516009347938268,0.017285084191656277,0.7342684722222224,0.01699255414394425,3.863742844672396e-08,3.809327176586235e-09,0.0,0.0,,,,,,,,,,,,,,,,,,,,,,,,,,,,,,,,,,,,,,,,,,,,,,,,,,,,,,,,,,,,,,,,,,,,,,,,,,,,,,,,,,
latency_critical,mixed_stress,SOTA-DQN,5,150.0,0.0,300.0,0.0,0.0,0.0,0.0,0.0,0.0,0.0,0.0,0.0,300.0,0.0,0.0,0.0,1419697292.6,457272779.23266584,1.0,0.0,245.4372810000088,16.654840685674884,200.0,0.0,0.0,0.0,0.7461609238155832,0.0343296741082429,0.7081413162814347,0.028961623663356077,0.003,0.006,1.0,0.0,0.2538390761844168,0.034329674108242884,0.29185868371856516,0.02896162366335609,0.2992324659715546,0.028613252600351215,50.76781523688337,6.865934821648575,0.2538390761844168,0.034329674108242884,0.07797608272147327,0.011050181480237148,0.055547683075926835,0.01663568951964876,0.02202391727852668,0.011050181480237122,0.04445231692407304,0.01663568951964873,0.05121585853357237,0.019420951746620382,0.1298357940431724,0.014227754571118462,0.15853494185325023,0.017261971501236165,0.16526212592126233,0.018409125911277482,0.8946490247447075,0.02171846340373965,0.9442971140077587,0.009032543267230136,0.41491999999999996,0.0105104625122885,0.5036063179804149,0.05074839073407031,0.4743697647410584,0.04390184779335129,0.06359512892496946,0.0058202510107134625,0.4107746358160889,0.045857480492353865,,,,,,,,,,,,,,,,,,,,,,,,,,,,,,,,,,,,,0.0,0.0,0.0,0.0,82.5383105610518,5.462687720937428,92.98162085955015,5.364203057444664,97.92630978192224,5.36812595734014,96.03304937380537,5.412645620732871,2.887691034920425,0.2225696632386807,2.6475212888802497,0.22280114444077603,2.63704534822745,0.2231238648278188,0.05118644806144142,0.005389107704649169,27109391.731978357,2403912.5528165563,25765624.978122346,2250511.71234642,0.03722855792255962,0.003672955823693336,2.6502812259614257,0.2818105418260019,0.5774850651029627,0.015506802395955565,0.5308188441422614,0.016499851008831796,0.00010581752504228,0.00010129499706785391,0.16042727971780135,0.012364981291037802,0.17379713824767679,0.012735159615192643,108.943248119903,16.558853952353175,0.10744456709638854,0.017691014380969945,33.032995380187444,6.757661422757728,1.5956937774497244,0.12433338434319892,,,,,0.6894169383817653,0.06267751920127265,0.18805521682961132,0.031254521374088365,0.299322562718824,0.03956871751655176,0.9670066666666667,0.028224681082737173,0.1952433333333333,0.06858486924161111,0.015436666666666621,0.0077661974107166905,0.99286,0.002553855473157738,0.15917299999999995,0.00412034109294636,0.0,0.0,0.0,0.0,0.656159706959707,0.10745794362348517,1929.5721284965286,214.02315484865065,3403.601215302523,238.061393842927,76.99342155516672,6.169562983345284,82.88602744837522,5.4983144042677745,0.021076190476190422,0.010802897066713802,0.13314445900983796,0.009817371360705264,0.7620641666666667,0.017923956638152227,3.72469997209441e-08,3.674410756809404e-09,0.0,0.0,,,,,,,,,,,,,,,,,,,,,,,,,,,,,,,,,,,,,,,,,,,,,,,,,,,,,,,,,,,,,,,,,,,,,,,,,,,,,,,,,,
latency_critical,mixed_stress,SOTA-DuelingDDQN,5,150.0,0.0,300.0,0.0,0.0,0.0,0.0,0.0,0.0,0.0,0.0,0.0,300.0,0.0,0.0,0.0,1419697292.6,457272779.23266584,1.0,0.0,245.52798090004362,23.349808244871802,200.0,0.0,0.0,0.0,0.7478104059435904,0.03867702308178082,0.709772461804034,0.03288552301519058,0.002,0.004,1.0,0.0,0.2521895940564097,0.03867702308178081,0.29022753819596603,0.03288552301519061,0.29875200262672286,0.031234398052273033,50.43791881128195,7.735404616356157,0.2521895940564097,0.03867702308178081,0.06450419338883286,0.011745457027600562,0.03517695436698184,0.018266377950832875,0.0354958066111671,0.011745457027600586,0.06482304563301806,0.018266377950832875,0.07332156886289386,0.01859951352547706,0.14444209433220326,0.026498025959687137,0.17603452397749936,0.029790092326945617,0.18476161055032853,0.029335878111524195,0.8949630430075144,0.026849068547593488,0.948141366476911,0.010227415759028654,0.41501666666666664,0.012001768388218629,0.5075671025935229,0.047852864185875796,0.45693709079531,0.04426665655393492,0.05790514139195731,0.0078466372829346,0.3990319494033526,0.04573022598829252,,,,,,,,,,,,,,,,,,,,,,,,,,,,,,,,,,,,,0.0,0.0,0.0,0.0,80.34700896268563,5.986793415246393,89.7891856605399,6.939488330371757,94.18325273869485,7.3669701698466845,92.55797375504928,7.296824141757891,2.905295718582059,0.2522816434788088,2.696094863037082,0.24009600841526105,2.676852868785211,0.2363225827275757,0.046329696109001194,0.002276367579449841,27186201.42144081,3122517.312546239,25918386.78857316,3042454.6879350273,0.037308388466529334,0.004443215280385857,2.5932359023712372,0.2979222976853214,0.5771458421300009,0.02031861558314164,0.5301076756523079,0.020511635686437338,0.0002753484441853295,0.0005103088548790392,0.1614053176990032,0.014015646859933839,0.1741111176348987,0.014551103101033963,109.41065785630335,13.772460287808132,0.10931620515242721,0.011420519842486154,24.37102063861397,4.311695477042579,1.7157629582202987,0.192156739679782,,,,,0.6639781957374665,0.031369169365879065,0.18239684101512021,0.0330264915406759,0.2945189087962387,0.041709976017976165,0.9710833333333333,0.00883069772001183,0.16527666666666663,0.1023555028103304,0.02485999999999994,0.008281455856980171,0.9925966666666666,0.001814705363290519,0.15923633333333326,0.004196555022343386,0.0,0.0,0.0,0.0,0.6782285714285714,0.12386510215355744,1980.3078335836312,197.68391801514076,3403.366118196597,294.380120208047,77.14293238187781,7.674259690354318,80.27883016701696,5.551203684606763,0.03888571428571422,0.016601193848281178,0.1777098526421805,0.05781424491804609,0.7337881944444444,0.020240575762920075,3.732360518563172e-08,4.44905683149855e-09,0.0,0.0,,,,,,,,,,,,,,,,,,,,,,,,,,,,,,,,,,,,,,,,,,,,,,,,,,,,,,,,,,,,,,,,,,,,,,,,,,,,,,,,,,
latency_critical,nominal,SOTA-DQN,5,150.0,0.0,300.0,0.0,0.0,0.0,0.0,0.0,0.0,0.0,0.0,0.0,300.0,0.0,0.0,0.0,1301421336.2,566560547.8782212,1.0,0.0,245.4372810000088,16.654840685674884,200.0,0.0,0.08199999999999999,0.16399999999999998,0.8785291437278365,0.055194528682107794,0.8311615231246992,0.04594866663501151,0.282,0.35623868403080544,0.9179999999999999,0.16399999999999998,0.1214708562721635,0.055194528682107794,0.16883847687530096,0.04594866663501151,0.1815846797767658,0.03784316342468645,24.294171254432705,11.038905736421558,0.12356542457319131,0.051168935550795824,0.08391285507875512,0.013286910697932322,0.05759397929659554,0.025411408472224516,0.01608714492124478,0.01328691069793232,0.04240602070340436,0.025411408472224468,0.05662038847825231,0.034342918138534954,0.11161898667991318,0.02447950005412387,0.14174505305027468,0.029578234779494884,0.15079050205091624,0.03299504044169468,0.7383962572159656,0.15994422131468938,0.884844978884969,0.04952222899835709,0.2478933333333333,0.05558933111068465,0.8168575115060573,0.06590932417298123,0.16705534357269775,0.05875277935184903,0.09145079303027327,0.018869658084065564,0.07560455054242445,0.04263939133863461,,,,,,,,,,,,,,,,,,,,,,,,,,,,,,,,,,,,,0.0,0.0,0.0,0.0,52.224005688441046,9.16594917071297,66.89543629664036,9.091176099235627,70.82987401556177,8.206666116507735,69.64435249534563,8.585432600660036,2.7676333751007305,0.15372216227489896,2.498937178345545,0.09057509993660805,2.4668563947449806,0.08696237060643068,0.05907079087292696,0.009851794214837638,26254400.38701922,2268738.165010776,24843332.296209138,2037143.9444842811,0.03839706195172342,0.003470492708026075,1.6588948357031015,0.3298585322023086,0.6178862911605859,0.021924687913883953,0.5629535158647742,0.023710708359498733,4.588082690649698e-06,9.176165381299396e-06,0.15375740972781832,0.008540120126383303,0.16807489322228375,0.012187506044491227,82.28615049860399,14.531967926801318,0.12210298074238701,0.018114110491292017,33.032995380187444,6.757661422757728,1.5956937774497244,0.12433338434319892,,,,,0.7012676954930244,0.025372045346372486,0.11319175098412386,0.03740877058346744,0.19083488719099556,0.008297042341769478,0.97087,0.011740813903265484,0.2198533333333333,0.03830124221948362,0.007049999999999959,0.005855168656836468,0.9926533333333334,0.0024392712937358943,0.1612444999999999,0.006382904002098088,0.0,0.0,0.0,0.0,0.26887619047619044,0.03802500502465111,2609.9415726244106,145.709934845776,2852.5443456649027,162.060088569273,55.436522919477525,8.85315876379485,49.14421471733353,9.132680200431212,0.0070190476190475385,0.0047865647195101,0.11468686726712037,0.027114170935909582,0.5813109722222222,0.07664645140263016,3.842696841927275e-08,3.4627273298222463e-09,0.0,0.0,,,,,,,,,,,,,,,,,,,,,,,,,,,,,,,,,,,,,,,,,,,,,,,,,,,,,,,,,,,,,,,,,,,,,,,,,,,,,,,,,,
latency_critical,nominal,SOTA-DuelingDDQN,5,150.0,0.0,300.0,0.0,0.0,0.0,0.0,0.0,0.0,0.0,0.0,0.0,300.0,0.0,0.0,0.0,1301421336.2,566560547.8782212,1.0,0.0,245.52798090004362,23.349808244871802,200.0,0.0,0.065,0.11789826122551596,0.8926053007766621,0.04980873704545235,0.8308648535064492,0.033016123278510785,0.395,0.31376742979474465,0.9349999999999999,0.11789826122551599,0.10739469922333802,0.049808737045452384,0.16913514649355088,0.03301612327851079,0.18185613176266488,0.029737317668987906,21.478939844667607,9.961747409090476,0.11015217241620026,0.04584091624552709,0.07937363312480146,0.013441027200600182,0.04987462930938,0.02581017453973676,0.02062636687519846,0.013441027200600185,0.05012537069061991,0.02581017453973677,0.06457007414941116,0.03643482135432577,0.12442637897790751,0.011344685498176497,0.15425366282989056,0.012123601174476634,0.16335801849464132,0.010463145318363776,0.7193043360645189,0.14020859267137012,0.8938044876786725,0.03454018735210161,0.24214333333333332,0.047372667459435115,0.8373402810293795,0.04770312909351799,0.14203335209542206,0.04218754816942146,0.09062595573920137,0.010020789994590565,0.05140739635622062,0.033715877510161404,,,,,,,,,,,,,,,,,,,,,,,,,,,,,,,,,,,,,0.0,0.0,0.0,0.0,49.50656614358129,7.01534983547234,62.425333988047804,7.409226807861175,67.57878538266537,7.026314182520594,66.10717039980166,7.2981469886631904,2.819677757851548,0.13943610522249741,2.5284562637125294,0.09652700025886153,2.5023803276256196,0.09741015893828744,0.05920836599605141,0.007655613732280972,25710727.542507675,2008557.0782112197,24444331.343706183,1895752.983345171,0.03916503677352298,0.003283328603703569,1.6361253590179885,0.26125042950230937,0.6146507498396349,0.02076376139640756,0.5570997165568244,0.02629399265929216,7.967398106408e-05,0.00010181565291501052,0.15664876432508595,0.007746450290138713,0.1704954533625342,0.00841725799369291,84.9482586008918,11.696093231374677,0.12323972407664832,0.01284785715041719,24.37102063861397,4.311695477042579,1.7157629582202987,0.192156739679782,,,,,0.7101543680041853,0.018634772670296416,0.1023985287486359,0.03431276429311927,0.18659571653029322,0.006715065439631684,0.9738866666666667,0.008860282162549903,0.22396666666666665,0.03666050099675852,0.009109999999999941,0.00591694928902461,0.99189,0.002159953703207634,0.15760249999999995,0.006452781549240757,0.0,0.0,0.0,0.0,0.29678681318681316,0.0666492720695579,2649.5632047248587,81.40987657679463,2911.2779018428423,173.45907734963694,53.06916209444014,6.629092715154417,46.367338554303636,7.305182619713463,0.00830476190476184,0.005338314000869749,0.13317931882301154,0.010000720732482912,0.5575344444444446,0.05061920816320068,3.918391152839513e-08,3.27066508384653e-09,0.0,0.0,,,,,,,,,,,,,,,,,,,,,,,,,,,,,,,,,,,,,,,,,,,,,,,,,,,,,,,,,,,,,,,,,,,,,,,,,,,,,,,,,,
reliability_first,congestion_burst,SOTA-DQN,5,150.0,0.0,300.0,0.0,0.0,0.0,0.0,0.0,0.0,0.0,0.0,0.0,300.0,0.0,0.0,0.0,1143451358.2,709705252.9090999,1.0,0.0,245.4372810000088,16.654840685674884,200.0,0.0,0.022,0.041545156155681974,0.9326109868401584,0.0370297913455393,0.8550739682697321,0.055097351915700137,0.8150000000000001,0.22302466231338633,0.9780000000000001,0.04154515615568197,0.07124506035423464,0.04386886686936667,0.1675675512115619,0.09964210370224041,0.21825003679702953,0.1077969983378408,14.249012070846936,8.773773373873336,0.07223302099045323,0.04320940729643011,-0.00073359820252186,0.010115386830237223,-0.02657732026081768,0.01432780699370592,0.02158957585570324,0.012248251766525135,0.04601183761189674,0.018637860181784188,0.05409894868594822,0.019744439244018152,0.1344507796237493,0.03051743030230948,0.16122646229610904,0.032476365369420945,0.16649222137033473,0.03211684954433155,0.8608018292415606,0.041403092444989395,0.9263244223167613,0.016699301526540474,0.38220666666666664,0.015516330465387468,0.6254589680463936,0.069199263837177,0.352951456097903,0.0609523913835388,0.08648320148922331,0.009436812717322074,0.26646825460867973,0.06589697392204452,,,,,,,,,,,,,,,,,,,,,,,,,,,,,,,,,,,,,0.0,0.0,0.0,0.0,63.28864117402903,8.170476094835465,74.45490682927631,9.475669511118989,78.62220157175486,8.944043834060324,77.45647207657831,9.131416727319783,3.17175225440892,0.2822684831765083,2.9097742015391352,0.2756165453257801,2.8965817996141543,0.28125455413877604,0.05007863115286552,0.004181726677304205,26683380.465697072,2546564.866929449,25650414.987221785,2437546.894861228,0.037862110228610676,0.003938437300259666,2.2585941886396643,0.2998059962038292,0.578221748654154,0.02712304123472476,0.5309291528360034,0.021749975863714875,0.0001411893215951934,0.0001459493026161267,0.17620845857827322,0.015681582398694906,0.19094912265480316,0.01582291372362057,84.18080385783115,14.14090481550742,0.11576124325634425,0.024108102675941726,33.032995380187444,6.757661422757728,1.5956937774497244,0.12433338434319892,,,,,0.6748987807717773,0.04317033589711778,0.06420166159201453,0.03605450700186367,0.18445578132985205,0.05277886618459352,0.97736,0.01179789340894757,0.17612,0.07675054788078063,0.0135466666666666,0.007643613165396476,0.9930333333333333,0.001777388846344813,0.1598226666666666,0.002879937277480572,0.0,0.0,0.0,0.0,0.2497377289377289,0.04721342519258321,3066.8569857549,364.50029025512384,3228.2343221457,246.18551142420202,55.42232157931244,7.371871364281381,66.6300365044302,8.317978371307397,0.021171428571428518,0.011554253371596816,0.13246379927908541,0.03169315628348864,0.7578733333333334,0.02556734774205714,3.787476298611586e-08,3.940185758000009e-09,0.0,0.0,,,,,,,,,,,,,,,,,,,,,,,,,,,,,,,,,,,,,,,,,,,,,,,,,,,,,,,,,,,,,,,,,,,,,,,,,,,,,,,,,,
reliability_first,congestion_burst,SOTA-DuelingDDQN,5,150.0,0.0,300.0,0.0,0.0,0.0,0.0,0.0,0.0,0.0,0.0,0.0,300.0,0.0,0.0,0.0,1143451358.2,709705252.9090999,1.0,0.0,245.52798090004362,23.349808244871802,200.0,0.0,0.045,0.09,0.886319385069752,0.054859103730086456,0.7947854182325239,0.0846588589279189,0.5199999999999999,0.27983923956443274,0.9550000000000001,0.09,0.13381625970305272,0.07014729367794384,0.3113139970302146,0.15493115236023355,0.3738468848908255,0.17643761107594613,26.76325194061055,14.029458735588767,0.13477928096261646,0.06854604849706163,-0.010696170632576978,0.01676858638648584,-0.04160655249838584,0.02489017249890706,0.037361876080761025,0.017336803595439355,0.06946820909625086,0.028306751438460922,0.07978119941400724,0.029954078232766013,0.14068754856874643,0.015499267135321022,0.16816447713223798,0.015817062799240948,0.17548855722873813,0.014525840863534796,0.870536019066607,0.04532247041150634,0.9344233525244319,0.01826042073742499,0.38599666666666665,0.01871814152693111,0.6214727603913963,0.04460391290753022,0.34116536352784255,0.0341980485482373,0.07753429225588772,0.013657879894477332,0.26363107127195484,0.0436063772013485,,,,,,,,,,,,,,,,,,,,,,,,,,,,,,,,,,,,,0.0,0.0,0.0,0.0,61.34999519781762,7.31823390986884,71.72692562175781,8.575700310035442,76.58162951950206,8.636346377354192,74.99030986130956,8.756370835573525,3.155053593417386,0.1957311905577737,2.923062834291808,0.20554847628123235,2.897641664536823,0.20141976933891165,0.04569108143668212,0.0035352384879642606,25909462.84662452,2546232.945418858,24883489.98724082,2428580.850280435,0.03901554810252414,0.004161374957218495,2.252305010571597,0.3102998056430838,0.5719963012568894,0.014803989649189834,0.5259393220422564,0.015548326274116946,0.00023543816834075063,0.0004367356301257816,0.17528075518985473,0.010873955030987438,0.188557736342538,0.010621739109981014,84.14691586122451,12.954368109206431,0.11007360738468655,0.015923678144097616,24.37102063861397,4.311695477042579,1.7157629582202987,0.192156739679782,,,,,0.7034678450900721,0.02285044843899991,0.07790977848023359,0.038260626649752494,0.21343606063539627,0.038342718432169125,0.9723766666666667,0.010153492010141062,0.21084666666666663,0.04427018359523211,0.02344666666666662,0.010850485908218323,0.9921766666666667,0.0014990589640764469,0.16044816666666661,0.005110255793771743,0.0,0.0,0.0,0.0,0.2659047619047619,0.035386136067248636,3079.196450339426,239.8190569909965,3195.899747382441,181.50681032590808,54.03030079845867,6.520782764845712,64.5791542794928,7.477653263410389,0.03478095238095234,0.013730400585079724,0.14824615110714412,0.01794264084716949,0.7414184722222222,0.009653740345691754,3.9026954660828955e-08,4.166140859459187e-09,0.0,0.0,,,,,,,,,,,,,,,,,,,,,,,,,,,,,,,,,,,,,,,,,,,,,,,,,,,,,,,,,,,,,,,,,,,,,,,,,,,,,,,,,,
reliability_first,mixed_stress,SOTA-DQN,5,150.0,0.0,300.0,0.0,0.0,0.0,0.0,0.0,0.0,0.0,0.0,0.0,300.0,0.0,0.0,0.0,1168319045.8,286271988.0296697,1.0,0.0,245.4372810000088,16.654840685674884,200.0,0.0,0.0,0.0,0.9115025008078852,0.041815585652809774,0.8411401016247876,0.08171877932288744,0.767,0.26160275227909974,1.0,0.0,0.09110357239360119,0.04577409288840601,0.173024332214972,0.1042426364210261,0.21981263918934763,0.13175865588817307,18.220714478720247,9.154818577681205,0.09110357239360119,0.04577409288840601,0.0036171080310875596,0.010164023991196756,-0.018887414781927216,0.013459990000909115,0.022578487621508943,0.011214997091492337,0.04332151395251106,0.017456637825516198,0.05214267835660523,0.02029302074542432,0.1301873809447577,0.017206190844008002,0.1602926148134146,0.018671044090233475,0.1671764162585898,0.019261434967819176,0.8958791484000581,0.025693775202999643,0.9431181728482457,0.01467157022945169,0.41592,0.01027028832225375,0.5027698515358512,0.0510470382781049,0.47465166084263977,0.04464772401893501,0.06371043245685012,0.00741667796589958,0.4109412283857896,0.04832441441598211,,,,,,,,,,,,,,,,,,,,,,,,,,,,,,,,,,,,,0.0,0.0,0.0,0.0,82.82343053968883,5.7941368847653205,92.72908333272194,6.73210432042118,96.42105590892378,7.238588118292072,95.67028823963287,6.765020335039138,2.8968175666512295,0.23071613015551856,2.6712486393191974,0.23104417377311795,2.65221685260998,0.23517573292907318,0.04875824557880916,0.005411091800954843,27177968.94061478,2213201.4431407694,25677157.744184136,2039542.4594996136,0.037084623532912794,0.0033363574876856387,2.6567062011493534,0.2655348205514427,0.5774740066739278,0.01704070238042278,0.5299609319277903,0.01814610095902078,0.00010966035296006,0.00013864331983899422,0.16093430925840158,0.012817562786417692,0.17462078459919284,0.013633591242558788,108.79534828983165,18.46708901145185,0.10515771361681574,0.017704662671918486,33.032995380187444,6.757661422757728,1.5956937774497244,0.12433338434319892,,,,,0.6873897257603833,0.06668327215877902,0.08304104231446237,0.035439385956504914,0.18933580742446954,0.05791439647709597,0.9645699999999999,0.03441395453397748,0.19621,0.08133347581954734,0.015889999999999956,0.007888047216446465,0.9929766666666666,0.0020929139707328605,0.15890133333333326,0.003965940360676726,0.0,0.0,0.0,0.0,0.649172161172161,0.12563061236869022,1935.6722997801546,227.64408112561335,3414.357325735654,248.098107727628,77.60021787640284,6.377111688189794,83.07251348976602,5.8982759554053645,0.021571428571428526,0.010834102536794522,0.13708926237093297,0.017348464729192426,0.7616365277777778,0.0174708724118685,3.710214396825872e-08,3.33643119257906e-09,0.0,0.0,,,,,,,,,,,,,,,,,,,,,,,,,,,,,,,,,,,,,,,,,,,,,,,,,,,,,,,,,,,,,,,,,,,,,,,,,,,,,,,,,,
reliability_first,mixed_stress,SOTA-DuelingDDQN,5,150.0,0.0,300.0,0.0,0.0,0.0,0.0,0.0,0.0,0.0,0.0,0.0,300.0,0.0,0.0,0.0,1168319045.8,286271988.0296697,1.0,0.0,245.52798090004362,23.349808244871802,200.0,0.0,0.004,0.008,0.8599291675197897,0.06475912776958374,0.7661519355592938,0.07576765854955764,0.445,0.3137992989157241,0.9960000000000001,0.008000000000000007,0.16103480103118833,0.09177720150232065,0.3136521620749132,0.1500811849757592,0.35268712753520726,0.15652041007519585,32.20696020623767,18.355440300464128,0.16120660963417313,0.09155491453797988,-0.013481399974385102,0.015368943356539558,-0.042462599057646475,0.01942988400067608,0.038836432516167196,0.018764560033664352,0.06653755712928588,0.026550116793053205,0.07299933448264043,0.026888524878059664,0.14059560839255808,0.021740297253250187,0.17015899962077793,0.025042914788236413,0.18086099561359018,0.02468681637843555,0.8985685504226865,0.02903997588652932,0.9481030159238735,0.010547573116239124,0.4156266666666667,0.013759257893424998,0.5063100937540702,0.04483386333518758,0.4548534737297625,0.04425902072197063,0.05619173322472228,0.009171517873917961,0.3986617405050402,0.04631072151522504,,,,,,,,,,,,,,,,,,,,,,,,,,,,,,,,,,,,,0.0,0.0,0.0,0.0,81.01793460008983,5.831285219330934,91.79162755340154,6.677781665178519,96.30067660498489,5.782965699451206,94.71851262053092,6.330258119855354,2.8945324309099307,0.23109216512936812,2.691043704284425,0.21336004454776517,2.672253694907859,0.2139309419625216,0.04496388483784802,0.0017421305828864383,27063976.59371852,3510814.061162826,25724023.71290476,3369015.126159868,0.03763336181552706,0.005121804406163542,2.6311586170292562,0.36073392830906376,0.5779539146753478,0.019024677131650108,0.5286422740411763,0.025570625840554567,0.00045967636725451684,0.000741246277636605,0.16080735727277387,0.012838453618298232,0.17299459404551606,0.013423341151872388,108.04169530016875,15.233593528646084,0.10435755505226334,0.014816193696697594,24.37102063861397,4.311695477042579,1.7157629582202987,0.192156739679782,,,,,0.6807900454253173,0.04511768572393445,0.09860510895708022,0.03006568015635952,0.22702462884671076,0.06540882680038887,0.96749,0.013713649323858929,0.18799999999999997,0.10578577304050754,0.027276666666666637,0.013382237813194378,0.99204,0.0015010958959668832,0.1592816666666666,0.0036258327779053875,0.0,0.0,0.0,0.0,0.6608512820512821,0.09875801902682545,1955.8428758313444,185.28513776466326,3399.980652875324,265.80177148500354,78.29175736066165,7.591124631160575,80.61841148987689,5.42706522187104,0.04465714285714282,0.027094918401327644,0.1714283855977478,0.05092879692669535,0.7373168055555556,0.015085792626141731,3.7647787198224797e-08,5.130119460299861e-09,0.0,0.0,,,,,,,,,,,,,,,,,,,,,,,,,,,,,,,,,,,,,,,,,,,,,,,,,,,,,,,,,,,,,,,,,,,,,,,,,,,,,,,,,,
reliability_first,nominal,SOTA-DQN,5,150.0,0.0,300.0,0.0,0.0,0.0,0.0,0.0,0.0,0.0,0.0,0.0,300.0,0.0,0.0,0.0,982597998.0,371222976.5002785,1.0,0.0,245.4372810000088,16.654840685674884,200.0,0.0,0.21900000000000003,0.2902137143554729,0.9575790510814167,0.03384491266557335,0.881345103238821,0.07584259893164079,0.873,0.16618062462272787,0.781,0.29021371435547294,0.0461511823403848,0.03843691211682379,0.13961833796051942,0.10819187036467588,0.2065816936107975,0.12188584635755209,9.23023646807697,7.6873824233647525,0.053012173017877015,0.0350808915561756,0.00930916665897338,0.010181342084049706,-0.02208374616624614,0.014973877137725508,0.016991595349075562,0.013146349873820493,0.04279757336707175,0.02381321619718094,0.05380735191731838,0.025663385296529062,0.11341451251947805,0.02493567438717738,0.14410432226606462,0.02947843092061429,0.15143514232716632,0.03191559235059895,0.7332419190978096,0.16385005879442904,0.8875936692184462,0.05161906812192931,0.2459566666666666,0.05793471862555493,0.81748770186046,0.0659550925622399,0.16552070279046432,0.05849697843084778,0.09079996426115855,0.02080740119435129,0.07472073852930572,0.04114327278794817,,,,,,,,,,,,,,,,,,,,,,,,,,,,,,,,,,,,,0.0,0.0,0.0,0.0,51.79096001397014,8.945797901002667,66.17120686105457,9.042619155651714,72.18978613611952,8.595586054152815,69.74421264764096,8.733702945809723,2.7719568120858953,0.15194685944341363,2.50812729956427,0.10008256753037413,2.4859184515529997,0.09169992226309609,0.05724314092009408,0.005936734638400392,26194979.604212068,2189813.4620618457,24693307.89479181,1952350.8694595697,0.038473852011143554,0.0033799030399641466,1.6534378385382626,0.3344997994238563,0.615482328582451,0.026304736362239463,0.5599131949143532,0.02556027650288832,1.3803416862576579e-05,2.7606833725153155e-05,0.15399760067143858,0.008441492191300724,0.16768036703235642,0.010353369067716238,82.19271225108307,14.106650975833587,0.12296752604841443,0.02311315263613401,33.032995380187444,6.757661422757728,1.5956937774497244,0.12433338434319892,,,,,0.7064053120208343,0.02648958105524539,0.053293197100314216,0.033034692179844526,0.1833024134649607,0.05422056153670293,0.9693733333333332,0.011272511304545695,0.2248766666666666,0.04649934599301133,0.007506666666666639,0.0058613100545488635,0.9926299999999999,0.002039809359283885,0.1613341666666666,0.0073218757652818755,0.0,0.0,0.0,0.0,0.2860908424908425,0.04976500460994423,2611.6230554536987,150.61934339221492,2858.2903733493854,158.18146266289415,54.72439901147017,8.443712473967816,48.740859166542386,8.920090591496058,0.0075809523809523185,0.004738360844433822,0.11891903553523028,0.029194002419292823,0.5757434722222221,0.07672681964436685,3.8498896620535635e-08,3.371500213650426e-09,0.0,0.0,,,,,,,,,,,,,,,,,,,,,,,,,,,,,,,,,,,,,,,,,,,,,,,,,,,,,,,,,,,,,,,,,,,,,,,,,,,,,,,,,,
reliability_first,nominal,SOTA-DuelingDDQN,5,150.0,0.0,300.0,0.0,0.0,0.0,0.0,0.0,0.0,0.0,0.0,0.0,300.0,0.0,0.0,0.0,982597998.0,371222976.5002785,1.0,0.0,245.52798090004362,23.349808244871802,200.0,0.0,0.24300000000000002,0.2678731042863393,0.9437299740231813,0.03974875592722013,0.8531135237591603,0.08153419374104244,0.7969999999999999,0.19971479664761946,0.7569999999999999,0.2678731042863393,0.07245393584830155,0.06602096153896654,0.22455156112939992,0.2053640363626195,0.320018304505682,0.28886831969200455,14.490787169660326,13.204192307793308,0.08612876385908637,0.07853184974815246,0.0026383020070610197,0.017271241922799305,-0.02796671406461858,0.03543425233833679,0.026029507577891204,0.017397560971433492,0.056588981697808315,0.0370860461887286,0.07255954515819947,0.0498449866887133,0.11962292775105768,0.013577728906482537,0.14842770560387522,0.014751054363963402,0.15611066228100257,0.014877088944093194,0.7410637344458639,0.12538980171418562,0.9069512447102828,0.025238320209314994,0.25034333333333336,0.04236649436104483,0.8236867146074338,0.04261182125117239,0.15028377781467483,0.04147250750539271,0.09288648747022463,0.008822854668508328,0.057397290344450166,0.034811082481214624,,,,,,,,,,,,,,,,,,,,,,,,,,,,,,,,,,,,,0.0,0.0,0.0,0.0,50.747937329136576,6.915308021586519,63.94189576947624,7.98149984138731,68.18583262528816,7.495536977430259,66.9475340195288,7.853906030162164,2.7877087298052428,0.12462331746889928,2.5223635104552504,0.11543502369932244,2.4919940276115775,0.11186066248248262,0.059318057071702124,0.0069313023836913715,25433509.68589563,2150540.97096548,24100167.980402283,1934022.0510759975,0.039634209717531975,0.003581966789236056,1.6804887390755145,0.27818334090399277,0.6118405263858353,0.01649997155450301,0.5535203743599958,0.0137217878492269,2.270041631892e-05,4.5400832637839995e-05,0.15487270721140234,0.006923517637161094,0.16961016334529966,0.007860427109551373,81.4828474453816,13.305044575125692,0.13733729989929144,0.027687403570208196,24.37102063861397,4.311695477042579,1.7157629582202987,0.192156739679782,,,,,0.7204264782731311,0.024176953540365212,0.05178756912513775,0.022394256783893268,0.1861411691182093,0.03773469180561572,0.9733066666666665,0.010035783753925534,0.2654533333333333,0.046604647360060106,0.011526666666666619,0.007683608816464092,0.9914900000000001,0.0021532043305011097,0.15674383333333325,0.007000933560763319,0.0,0.0,0.0,0.0,0.32531135531135524,0.0847710391739949,2607.8727893265036,63.55429442354247,2884.543466986102,165.73973168971048,54.92533212907281,6.574166675596069,47.13712060932996,7.219703070844305,0.01099047619047614,0.0073421344836164994,0.12736516362025213,0.018885274895963068,0.5676408333333334,0.047073323162374954,3.965852110722807e-08,3.567609827111007e-09,0.0,0.0,,,,,,,,,,,,,,,,,,,,,,,,,,,,,,,,,,,,,,,,,,,,,,,,,,,,,,,,,,,,,,,,,,,,,,,,,,,,,,,,,,
