intent,scenario,scheme,scheme_label,method_family,comparison_role,num_seeds,soft_intent_compliance_score_mean,soft_intent_compliance_score_std,weighted_violation_mean_mean,weighted_violation_mean_std,weighted_violation_cvar95_mean,interruption_mean_mean,interruption_mean_std,blocking_mean_mean,blocking_mean_std,deadline_exposure_mean_mean,deadline_exposure_cvar95_mean,service_success_rate_mean_mean,shield_override_rate_mean_mean,reliability_safety_margin_mean_mean,throughput_mean_mbps_mean,throughput_mean_mbps_std,throughput_cvar_low10_mbps_mean,delay_mean_ms_mean,delay_cvar95_ms_mean,energy_per_mbit_j_mean,energy_eff_mean_bpj_mean,fairness_mean_mean,fairness_deficit_mean_mean,utilization_mean_mean,action_entropy_norm_mean,shock_action_shift_l1_mean,intent_action_shift_l1_mean,intent_mode_shift_l1_mean,counterfactual_intent_policy_l1_mean,counterfactual_mode_policy_l1_mean,counterfactual_argmax_change_rate_mean,frozen_policy_entropy_norm_mean,deny_action_rate_mean,shield_filter_active_rate_mean,shield_filtered_action_fraction_mean,post_switch_violation_mean_mean,switch_adaptation_time_steps_mean,switch_adaptation_success_mean,queue_load_mean_mean,train_time_s_mean,train_time_s_std,rank_by_violation,rank_by_compliance,is_best_violation,is_best_compliance
balanced_agentic,congestion_burst,PPO_CMDP,Non-Agentic PPO-CMDP,Internal CMDP ablation,internal CMDP ablation,5,0.9426697299123988,0.012915426892946,0.0573302700876009,0.0129154268929461,0.0787769188952687,0.1900662883728625,0.0437215848497106,0.000403149221886,0.0001942408090337,0.8640602999936299,0.9192999911422708,0.9984580951479384,,0.0076346599404312,3.151573435222629,0.2505128252250053,2.8667598390467743,102.09403139668927,129.747259821956,0.0335708360471789,30102585.64130383,0.6751881330366556,0.0,0.1750874130679238,,,,,,,,,,,,,,,,272.1420523799956,4.344263892369205,1.0,1.0,1,1
balanced_agentic,congestion_burst,PPO-Lagrangian,PPO-Lagrangian,Constrained RL baseline,constrained-RL baseline,5,0.9416640350819824,0.0146037111896945,0.0583359649180176,0.0146037111896946,0.0767169407690151,0.1162700664077777,0.0352424198402357,0.0007847788365739,0.0005908018990608,0.8821691373430806,0.932558332926332,0.9366318317630584,,0.0517759573197651,2.5161757094474453,0.3426393438316634,2.2430903516267504,144.38627054326133,171.3268871959866,0.0311084497106501,32429435.68593105,0.6746456127680027,0.0,0.1397875394137469,,,,,,,,,,,,,,,,266.61783722001127,11.520029096061071,2.0,2.0,0,0
balanced_agentic,congestion_burst,PPO,PPO,Published RL family,published RL family,5,0.9360131800870308,0.0237363981215005,0.0639868199129691,0.0237363981215005,0.085203298508396,0.1836971832737735,0.0573644434616092,0.0007598645481407,0.0004135826372158,0.870705892834218,0.9258543395608816,0.98977945149201,,0.0100047664669564,3.012312197164305,0.3352123072845682,2.7523007552050167,110.75143066708416,139.6699724862435,0.0346160728788328,29328832.00339484,0.6777403470545807,0.0,0.1673506776202391,,,,,,,,,,,,,,,,267.553891400015,9.782401107503151,3.0,3.0,0,0
balanced_agentic,congestion_burst,Intent-PPO-CMDP-NoRisk,IA-PPO-CMDP w/o Tail Risk,Proposed agentic RL,proposed agentic variant,5,0.931459369900167,0.0147684627068152,0.0685406300998329,0.0147684627068153,0.0927644852898782,0.1742497200915846,0.0650459746242455,0.0004102753393082,0.0002609520574509,0.8586347648748471,0.9180885211015914,0.9528416466314996,,0.011854624474632,2.850787076991959,0.6208039711303791,2.5891285441124587,121.05874433591438,146.00820222909428,0.0335456439108723,30267022.372633964,0.674172729255503,0.0,0.1583770598328865,,,,,,,,,,,,,,,,274.6141810200061,5.506362305433448,4.0,4.0,0,0
balanced_agentic,congestion_burst,Intent-PPO-CMDP,IA-PPO-CMDP (Proposed),Proposed agentic RL,proposed agentic variant,5,0.9308176548703676,0.0178393499407661,0.0691823451296323,0.0178393499407661,0.0924036306843212,0.1774760189069654,0.0638487456919525,0.0217942181301777,0.0128850377337681,0.8856825259779214,0.9413501357864064,0.9641685082088484,,0.002418948700069,2.991844858463607,0.4608575049112404,2.724047624567194,110.243327228884,135.86592179993437,0.0344212248458847,29978239.020432703,0.665347319915851,0.0,0.1662136032479781,,,,,,,,,,,,,,,,320.147677999991,7.298897258581943,5.0,5.0,0,0
balanced_agentic,congestion_burst,MaxWeight,MaxWeight,Published/legacy scheduler,published scheduling baseline,5,0.9093312939483494,0.01768292768222,0.0906687060516505,0.0176829276822199,0.1085494383290636,0.1164914587599082,0.0090921431398765,0.0,0.0,0.9561344009685384,0.9866928422205158,0.7460906602920152,,0.0586274259818974,2.1715200797339933,0.247963577759572,1.9551610535415656,146.03596322860426,168.4207481415749,0.0554397689636071,18252571.373879023,0.5474033120368409,0.0005576802939885,0.1206400044296662,,,,,,,,,,,,,,,,1.1879997327923774e-05,1.165160214394368e-06,6.0,6.0,0,0
balanced_agentic,congestion_burst,Intent-PPO-CMDP-FullPolicy-NoShield,"IA-PPO-CMDP, same policy w/o deployment shield",Proposed agentic RL,proposed agentic variant,5,0.7853274705071845,0.0750252375662032,0.6667597712392935,0.4789893833243578,0.9103199922644584,0.188483353158049,0.0626103520118993,0.279908596393754,0.1744256149464019,0.8809126376007264,0.9381641695835948,0.7171664711899168,,-0.2219445039196435,2.4581972023727685,0.4546665744827903,2.1101360710984,90.39664727619952,117.5414916014702,0.0357715480453904,28814210.687517717,0.6189346644481388,0.0013904289383199,0.1365665112429315,,,,,,,,,,,,,,,,320.147677999991,7.298897258581943,7.0,7.0,0,0
balanced_agentic,mixed_stress,PPO-Lagrangian,PPO-Lagrangian,Constrained RL baseline,constrained-RL baseline,5,0.9281517973117736,0.0146647609721109,0.0718482026882261,0.0146647609721108,0.0919042077687298,0.1362100814384013,0.0386977839847333,0.0004509399900238,0.0003623722697838,0.9152250320915444,0.954183261636057,0.8630902289032619,,0.0426211787930185,2.355792561962853,0.2923820301137633,2.102801919846398,171.78003088894707,191.74281978204087,0.031358265801419,32239748.679760806,0.6440640771479178,0.0,0.1308773645534918,,,,,,,,,,,,,,,,266.61783722001127,11.520029096061071,1.0,1.0,1,1
balanced_agentic,mixed_stress,PPO_CMDP,Non-Agentic PPO-CMDP,Internal CMDP ablation,internal CMDP ablation,5,0.9089766777847488,0.031838352907199,0.0910233222152511,0.031838352907199,0.1121199731398176,0.2287280749774151,0.0517478575992389,0.000348715556439,0.0001754594038611,0.905300858539968,0.9433635338632536,0.9879676960786132,,-0.0287820718972529,2.875068582591169,0.1356779738458149,2.616826543561228,142.13303309409,168.5110671017091,0.0342611994288602,29498613.949125875,0.6422426489977169,0.0,0.159726032366176,,,,,,,,,,,,,,,,272.1420523799956,4.344263892369205,2.0,2.0,0,0
balanced_agentic,mixed_stress,PPO,PPO,Published RL family,published RL family,5,0.906070381416178,0.0416199744072466,0.093929618583822,0.0416199744072466,0.1159203545053506,0.2182472267841659,0.0701860271270813,0.0006045578114302,0.0004889899115076,0.9083795171808472,0.9490582620782037,0.96186382122934,,-0.0216467419274454,2.707733385149221,0.2632786697833225,2.454690635465329,150.98281245699724,175.90098792070594,0.0353180962078685,28790526.801032227,0.643738067748979,0.0,0.1504296325082899,,,,,,,,,,,,,,,,267.553891400015,9.782401107503151,3.0,3.0,0,0
balanced_agentic,mixed_stress,MaxWeight,MaxWeight,Published/legacy scheduler,published scheduling baseline,5,0.8991857609000089,0.0184916430141103,0.100814239099991,0.0184916430141104,0.1233603432025699,0.1341554909626111,0.0105067127592057,0.0,0.0,0.964528358103267,0.9876063757024142,0.6870997625617549,,0.0546936954760446,2.0426192434384287,0.2313069156422279,1.8228220797160009,170.93434406566243,191.10628649051029,0.0533149192159957,18961088.41153594,0.5347461229323287,0.0014811987115457,0.1134788468576904,,,,,,,,,,,,,,,,1.61999836564064e-05,5.67763925776364e-06,4.0,4.0,0,0
balanced_agentic,mixed_stress,Intent-PPO-CMDP,IA-PPO-CMDP (Proposed),Proposed agentic RL,proposed agentic variant,5,0.8982045873172606,0.034111067541397,0.1017954126827393,0.034111067541397,0.1263220856433166,0.2078224574383774,0.0763786715803061,0.0165805327514136,0.0094946735885819,0.9245828038507052,0.9632627577006266,0.9405270255741504,,-0.0209350266085643,2.7486333315338234,0.39562804471761,2.4832187646087416,148.6498486872794,174.12853525709983,0.0347286129367883,29761617.003578328,0.6332509876036576,0.0,0.152701851751879,,,,,,,,,,,,,,,,320.147677999991,7.298897258581943,5.0,5.0,0,0
balanced_agentic,mixed_stress,Intent-PPO-CMDP-NoRisk,IA-PPO-CMDP w/o Tail Risk,Proposed agentic RL,proposed agentic variant,5,0.8977594748802114,0.0352511794798197,0.1022405251197887,0.0352511794798197,0.1240563350888025,0.202696410058564,0.0830331893108693,0.0002011737478551,0.0001816783054477,0.9037247847451269,0.9472349800196972,0.8966105826125956,,-0.011055464361391,2.603663421141042,0.4935335988561754,2.3505477337191776,153.38335206952212,176.22416409411932,0.033911048699619,29996051.73209376,0.6419722499683357,0.0,0.1446479678411689,,,,,,,,,,,,,,,,274.6141810200061,5.506362305433448,6.0,6.0,0,0
balanced_agentic,mixed_stress,Intent-PPO-CMDP-FullPolicy-NoShield,"IA-PPO-CMDP, same policy w/o deployment shield",Proposed agentic RL,proposed agentic variant,5,0.7422077047152641,0.088812120438259,0.6779710995104588,0.4878116918606905,0.8950158532440199,0.2261744757758634,0.0762335155967742,0.2679846691016608,0.1728332296428664,0.9251986212663248,0.9624533704151828,0.7096597842122657,,-0.2165898430491332,2.2932232124729905,0.3962842202184356,1.9992576719460493,128.5713127086952,154.21044482730704,0.0360105967729134,28639736.715560783,0.5873753415508691,0.0020525807006804,0.1274012895818327,,,,,,,,,,,,,,,,320.147677999991,7.298897258581943,7.0,7.0,0,0
balanced_agentic,nominal,PPO_CMDP,Non-Agentic PPO-CMDP,Internal CMDP ablation,internal CMDP ablation,5,0.96050280459951,0.0170597756799054,0.0394971954004898,0.0170597756799054,0.0722133663517953,0.1993934526686072,0.0447380539844987,0.0006117900726855,0.0003848407157908,0.7449940667238273,0.871852200520277,0.9993882099273144,,-0.0012790109418788,2.790675056410886,0.1822547179253656,2.4662594160147187,59.871199154799214,81.29487996188932,0.0353016412687228,28646677.036393363,0.6593666850927292,0.0,0.155037503133938,,,,,,,,,,,,,,,,272.1420523799956,4.344263892369205,1.0,1.0,1,1
balanced_agentic,nominal,PPO-Lagrangian,PPO-Lagrangian,Constrained RL baseline,constrained-RL baseline,5,0.9528179474977276,0.0201768066252421,0.0471820525022722,0.0201768066252422,0.0743677556663472,0.1446690889952619,0.0298997507987734,0.0014892121187119,0.0006786019498784,0.823610615376731,0.901059607428856,0.9945040687098632,,0.039610309981824,2.339527734091074,0.2803145995134807,2.078043358694685,97.2432148292228,126.68609029480004,0.0333508337550421,30229028.106676005,0.6602003236963417,0.0,0.1299737630050596,,,,,,,,,,,,,,,,266.61783722001127,11.520029096061071,2.0,2.0,0,0
balanced_agentic,nominal,PPO,PPO,Published RL family,published RL family,5,0.9505063325631544,0.025444034207883,0.0494936674368454,0.025444034207883,0.0796443406915856,0.1960607516460388,0.0562435848714621,0.0010776783301704,0.0003630621326048,0.7713812706920311,0.8837123206272347,0.9988044395716412,,0.0009742146534674,2.703120793452308,0.2390860876600427,2.413999149037518,66.64583097712193,93.06529111757044,0.0365032144083714,27844812.291870717,0.6619139647207957,0.0,0.1501733774140171,,,,,,,,,,,,,,,,267.553891400015,9.782401107503151,3.0,3.0,0,0
balanced_agentic,nominal,Intent-PPO-CMDP,IA-PPO-CMDP (Proposed),Proposed agentic RL,proposed agentic variant,5,0.946320353087318,0.0145073012576971,0.053679646912682,0.0145073012576972,0.0856601547246647,0.1978838965373409,0.0596273924223147,0.0185721512993024,0.0099199271553659,0.7644628035963923,0.8880567541894393,0.9812730845207114,,-0.0088700075112827,2.682122976336836,0.3168118810480764,2.3670760801950825,65.67074368582254,90.69699029342584,0.0371198459504403,27854329.70410387,0.6483535604320249,0.0,0.149006832018713,,,,,,,,,,,,,,,,320.147677999991,7.298897258581943,4.0,4.0,0,0
balanced_agentic,nominal,Intent-PPO-CMDP-NoRisk,IA-PPO-CMDP w/o Tail Risk,Proposed agentic RL,proposed agentic variant,5,0.9409485900378508,0.0125110811956625,0.0590514099621491,0.0125110811956624,0.0869913813591007,0.1963026235767753,0.0601735953656442,0.0008677065092579,0.0004375567141421,0.7289704129505303,0.8773939443325858,0.9964563152929652,,-0.0015430741482842,2.55535074114808,0.4345094092202597,2.2476554797173582,78.60817374709207,107.08298982294164,0.0360517689509894,28154598.72182,0.6600447611485577,0.0,0.1419639300637821,,,,,,,,,,,,,,,,274.6141810200061,5.506362305433448,5.0,5.0,0,0
balanced_agentic,nominal,MaxWeight,MaxWeight,Published/legacy scheduler,published scheduling baseline,5,0.9065423055288184,0.0167922124171377,0.0934576944711815,0.0167922124171377,0.1124197337566893,0.1286276223294021,0.0159399879955972,0.0,0.0,0.9166930148649666,0.980003732151284,0.9393898713902936,,0.0535720680291954,2.051414273210676,0.2132423444461716,1.841471885626678,129.02106553343486,160.23180504936045,0.0569243181956574,17868578.38000196,0.6253971737673772,0.0001664621930246,0.1139674596228152,,,,,,,,,,,,,,,,1.5600002370774746e-05,4.608659391763459e-06,6.0,6.0,0,0
balanced_agentic,nominal,Intent-PPO-CMDP-FullPolicy-NoShield,"IA-PPO-CMDP, same policy w/o deployment shield",Proposed agentic RL,proposed agentic variant,5,0.7859102703493329,0.0814234977711167,0.6686002429858563,0.4697203638915694,0.949323625259377,0.2118791574095381,0.062463146201917,0.2808172009030431,0.1683190745736577,0.7499261865464585,0.8747998440769955,0.7191827990969569,,-0.224823161610201,2.087841991538024,0.4373364066332882,1.7401721712302325,50.68429561904405,74.34294172675239,0.0390105732080647,26556955.580445256,0.6099779176697626,0.0021991093372549,0.1159912217521124,,,,,,,,,,,,,,,,320.147677999991,7.298897258581943,7.0,7.0,0,0
latency_critical,congestion_burst,PPO_CMDP,Non-Agentic PPO-CMDP,Internal CMDP ablation,internal CMDP ablation,5,0.8471571602606982,0.0188156806227326,0.1528428397393016,0.0188156806227327,0.1835169591081001,0.1912085910041584,0.0437615715549882,0.0003510388081041,0.0002201313571749,0.8649385758803841,0.91993573837557,0.9984801442364428,,0.0977214233011828,3.1554013370304297,0.2518479818730223,2.8751316727348915,101.47844260652012,127.32698569602664,0.0336190223327981,30072494.666068517,0.6748639234708598,0.0,0.1753000742794682,,,,,,,,,,,,,,,,272.1420523799956,4.344263892369205,1.0,1.0,1,1
latency_critical,congestion_burst,PPO,PPO,Published RL family,published RL family,5,0.8379678997770144,0.0172665972516318,0.1620321002229855,0.0172665972516318,0.1921451876544702,0.1831941902696061,0.0581774872449485,0.0007687417946883,0.0004285361975486,0.8695122011423125,0.9217539503680096,0.9879131847028044,,0.0949224669139139,3.009527481814964,0.3385836373117763,2.746778471554774,110.80871469860878,138.68063947063226,0.0345605065654223,29389829.488647543,0.6774334388834433,0.0,0.1671959712119424,,,,,,,,,,,,,,,,267.553891400015,9.782401107503151,2.0,2.0,0,0
latency_critical,congestion_burst,Intent-PPO-CMDP-NoRisk,IA-PPO-CMDP w/o Tail Risk,Proposed agentic RL,proposed agentic variant,5,0.8282286516452972,0.0372439245465098,0.1717713483547028,0.0372439245465098,0.2113847752429619,0.1756096771406266,0.0638701000457915,0.0002872283272041,0.0001556934530918,0.8608069240144308,0.9214244965241368,0.9520317970261354,,0.0968964437283567,2.8529667560985503,0.6306402369403363,2.580699796224829,121.36868764751632,144.80972799354635,0.0335764489292621,30231739.858941525,0.6741103855189168,0.0,0.1584981531165861,,,,,,,,,,,,,,,,274.6141810200061,5.506362305433448,3.0,3.0,0,0
latency_critical,congestion_burst,Intent-PPO-CMDP,IA-PPO-CMDP (Proposed),Proposed agentic RL,proposed agentic variant,5,0.8241314357554502,0.0190145312074471,0.1758685642445496,0.0190145312074472,0.209506109417854,0.1788537535084468,0.063222578553307,0.0238181849697872,0.015046369668988,0.8864477369407068,0.9437811737912012,0.9607779138055992,,0.0759670000250508,2.9911451762416763,0.4800460527240515,2.720915177027045,110.89100737580353,137.45605199189444,0.0344401852725688,29952310.668151986,0.6619958067381757,0.0,0.1661747320134264,,,,,,,,,,,,,,,,320.147677999991,7.298897258581943,4.0,4.0,0,0
latency_critical,congestion_burst,PPO-Lagrangian,PPO-Lagrangian,Constrained RL baseline,constrained-RL baseline,5,0.8099998830776964,0.0272811842490817,0.1900001169223035,0.0272811842490817,0.2275627871851124,0.1176821902311479,0.0341787492458454,0.0008221517047961,0.0005987811355992,0.8805604676072031,0.9322926083495504,0.9379385199912088,,0.0991778482952037,2.506583072743678,0.3396603544236997,2.2533199013324143,144.6500216937699,171.86214361563776,0.0311415325778551,32386128.5130843,0.673730639223554,0.0,0.1392546151524265,,,,,,,,,,,,,,,,266.61783722001127,11.520029096061071,5.0,5.0,0,0
latency_critical,congestion_burst,MaxWeight,MaxWeight,Published/legacy scheduler,published scheduling baseline,5,0.7346892723851995,0.0373810457245029,0.2653107276148004,0.0373810457245029,0.3041272845458622,0.1164914587599082,0.0090921431398765,0.0,0.0,0.9561344009685384,0.9866928422205158,0.7460906602920152,,0.1,2.1715200797339933,0.247963577759572,1.9551610535415656,146.03596322860426,168.4207481415749,0.0554397689636071,18252571.373879023,0.5474033120368409,0.0005576802939885,0.1206400044296662,,,,,,,,,,,,,,,,2.502007409930229e-05,1.5967900056310744e-05,6.0,6.0,0,0
latency_critical,congestion_burst,Intent-PPO-CMDP-FullPolicy-NoShield,"IA-PPO-CMDP, same policy w/o deployment shield",Proposed agentic RL,proposed agentic variant,5,0.7250745168003127,0.0903223783940868,0.3722018542533438,0.1845673473541138,0.4752914664043317,0.189535986692869,0.0620165454992445,0.2783352186017268,0.1771566917369354,0.8804154112338811,0.9380672964565662,0.7187496072451102,,-0.1783352186017268,2.4515262539212475,0.4681710594654954,2.11652183430244,90.60124457513704,117.51776354934934,0.035779125485222,28805724.19510541,0.6211863870992235,0.0012558317972124,0.1361959029956248,,,,,,,,,,,,,,,,320.147677999991,7.298897258581943,7.0,7.0,0,0
latency_critical,mixed_stress,PPO_CMDP,Non-Agentic PPO-CMDP,Internal CMDP ablation,internal CMDP ablation,5,0.8175758158933236,0.0171431431688083,0.1824241841066763,0.0171431431688083,0.208934971926027,0.2283092572469638,0.0541069700651743,0.0003269034609832,0.0002291655200699,0.9053663689017624,0.9420731349580088,0.9866669360870016,,0.0863037653684849,2.8698654540115838,0.145552868437718,2.587097398756618,142.0663180993222,168.6907339292431,0.0342646554578355,29520116.091656063,0.64186949757783,0.0,0.1594369696673101,,,,,,,,,,,,,,,,272.1420523799956,4.344263892369205,1.0,1.0,1,1
latency_critical,mixed_stress,PPO,PPO,Published RL family,published RL family,5,0.8063493700334312,0.0178191457043862,0.1936506299665687,0.0178191457043862,0.2203714751221682,0.2196000268834388,0.0713576620108877,0.000545182244003,0.0003464874306548,0.9056860707709572,0.946866106123776,0.9594183211281556,,0.0798116053754849,2.69244858678178,0.2747488551291345,2.444977598741344,150.6296185149503,173.8658961843424,0.0353212237388089,28790601.68715865,0.6437557726542088,0.0,0.1495804770434321,,,,,,,,,,,,,,,,267.553891400015,9.782401107503151,2.0,2.0,0,0
latency_critical,mixed_stress,Intent-PPO-CMDP-NoRisk,IA-PPO-CMDP w/o Tail Risk,Proposed agentic RL,proposed agentic variant,5,0.7967031431587872,0.03584178780591,0.2032968568412128,0.0358417878059101,0.2344749300262986,0.2025023289171682,0.0837118314917793,0.0002277442676164,0.0001629049839915,0.9034577179222956,0.9436934678382172,0.8977746969011966,,0.0782937800564529,2.5974036668151226,0.4913743613380583,2.3485119034456376,153.46302403761783,175.89475172530288,0.0338626118609319,30038345.459956717,0.6436267568244759,0.0,0.1443002037119512,,,,,,,,,,,,,,,,274.6141810200061,5.506362305433448,3.0,3.0,0,0
latency_critical,mixed_stress,Intent-PPO-CMDP,IA-PPO-CMDP (Proposed),Proposed agentic RL,proposed agentic variant,5,0.795295211271194,0.0207222609854189,0.2047047887288059,0.0207222609854189,0.2334714379103333,0.2108736945432098,0.0761921361697034,0.0179807576968759,0.0105968417673532,0.926044596075941,0.9635539346758512,0.9341733517691329,,0.0729910175539477,2.7394079793568222,0.4058243130589336,2.4725207157426192,148.0437208951005,172.1664075951456,0.0347831850792825,29711013.44922176,0.6318631040203837,0.0,0.1521893321864901,,,,,,,,,,,,,,,,320.147677999991,7.298897258581943,4.0,4.0,0,0
latency_critical,mixed_stress,PPO-Lagrangian,PPO-Lagrangian,Constrained RL baseline,constrained-RL baseline,5,0.7781926394977765,0.0268514935079832,0.2218073605022235,0.0268514935079832,0.2559597802878207,0.1359123135701435,0.0388697661597973,0.0004510332347288,0.0003767284694093,0.9140375293371796,0.9518216081954772,0.8618323195102544,,0.099548966765271,2.342476562936881,0.2911337727779471,2.084031716739997,172.24442403500157,190.92033527322351,0.0313137938931002,32276889.038099814,0.6461439422000378,0.0,0.1301375868298266,,,,,,,,,,,,,,,,266.61783722001127,11.520029096061071,5.0,5.0,0,0
latency_critical,mixed_stress,MaxWeight,MaxWeight,Published/legacy scheduler,published scheduling baseline,5,0.7088599949431831,0.0396601274740079,0.2911400050568168,0.0396601274740079,0.3321849774516865,0.1341554909626111,0.0105067127592057,0.0,0.0,0.964528358103267,0.9876063757024142,0.6870997625617549,,0.1,2.0426192434384287,0.2313069156422279,1.8228220797160009,170.93434406566243,191.10628649051029,0.0533149192159957,18961088.41153594,0.5347461229323287,0.0014811987115457,0.1134788468576904,,,,,,,,,,,,,,,,1.6960036009550095e-05,8.465128676134671e-06,6.0,6.0,0,0
latency_critical,mixed_stress,Intent-PPO-CMDP-FullPolicy-NoShield,"IA-PPO-CMDP, same policy w/o deployment shield",Proposed agentic RL,proposed agentic variant,5,0.6917264495876292,0.0943966357329474,0.3992077762681941,0.1913694607094094,0.4893330065047627,0.2270036386954044,0.074956522552512,0.2702843751162014,0.1795044290416537,0.9241815273664736,0.9604118539466876,0.7059871495899301,,-0.1702843751162015,2.290576705317121,0.4163992950671411,1.9944642457994453,127.3189340396594,153.1825651932595,0.0360361995207096,28614466.53120159,0.5883724956007204,0.0025542445811792,0.1272542614065067,,,,,,,,,,,,,,,,320.147677999991,7.298897258581943,7.0,7.0,0,0
latency_critical,nominal,PPO_CMDP,Non-Agentic PPO-CMDP,Internal CMDP ablation,internal CMDP ablation,5,0.8928855236579084,0.0399857293928096,0.1071144763420917,0.0399857293928096,0.1586668651055969,0.1999399779677171,0.0458744976090656,0.0006317099678383,0.0003514967705984,0.744895847351233,0.8633319643376669,0.9993682900321617,,0.0943336914101447,2.791564124766704,0.1922497050279765,2.48227941145391,60.09796019877874,82.56919313685961,0.0353390363800666,28652278.32616078,0.6602877016225096,0.0,0.1550868958203723,,,,,,,,,,,,,,,,272.1420523799956,4.344263892369205,1.0,1.0,1,1
latency_critical,nominal,PPO,PPO,Published RL family,published RL family,5,0.8828179406207894,0.0365542641702162,0.1171820593792104,0.0365542641702162,0.1749460502710806,0.1966754098733101,0.056423018251176,0.0007810425593697,0.0001396702364811,0.7638368774052411,0.8813227269497432,0.9989971831892582,,0.0919568248245968,2.700254602605632,0.2571207926647276,2.4088755362447456,66.46923406536092,92.95910300561768,0.0364926438577839,27857756.02157085,0.6606358221478292,0.0,0.1500141445892017,,,,,,,,,,,,,,,,267.553891400015,9.782401107503151,2.0,2.0,0,0
latency_critical,nominal,Intent-PPO-CMDP-NoRisk,IA-PPO-CMDP w/o Tail Risk,Proposed agentic RL,proposed agentic variant,5,0.8787829264853299,0.0769284857197643,0.1212170735146702,0.0769284857197643,0.1866261764838981,0.1978893000059259,0.0605700704017564,0.0009705803393018,0.0005069753322003,0.7217163630253728,0.8751172963403466,0.9955810408975868,,0.0903718185908706,2.5455908701485104,0.4254863685446134,2.246933623734152,78.25968189197395,104.29014539173656,0.0360515216751781,28162932.13212795,0.6573564926799242,0.0,0.1414217150082505,,,,,,,,,,,,,,,,274.6141810200061,5.506362305433448,3.0,3.0,0,0
latency_critical,nominal,Intent-PPO-CMDP,IA-PPO-CMDP (Proposed),Proposed agentic RL,proposed agentic variant,5,0.8785122647261823,0.0510530913134535,0.1214877352738177,0.0510530913134536,0.1852410236640324,0.1986333539535141,0.0604097556182347,0.0217549896647369,0.0124194502029047,0.7651524271500334,0.8929119960301583,0.9780146490490156,,0.0762365580804934,2.67019007843699,0.3242580379683761,2.358675168045669,66.66451788894412,93.1614191286201,0.0371555792043414,27825025.84037845,0.6482744978616077,0.0,0.1483438932464994,,,,,,,,,,,,,,,,320.147677999991,7.298897258581943,4.0,4.0,0,0
latency_critical,nominal,PPO-Lagrangian,PPO-Lagrangian,Constrained RL baseline,constrained-RL baseline,5,0.8300727547334702,0.0337562947231679,0.1699272452665297,0.033756294723168,0.2146041134592929,0.1473900235912155,0.0295569397387149,0.0014277082281585,0.0006400341248763,0.8256284655693198,0.9024093952050734,0.9941117832538172,,0.0985722917718414,2.3250553215154506,0.2858501642581443,2.0797021268885496,98.0651902364249,127.55539803227612,0.0334525101617579,30128962.983197235,0.6594148139429286,0.0,0.1291697400841917,,,,,,,,,,,,,,,,266.61783722001127,11.520029096061071,5.0,5.0,0,0
latency_critical,nominal,MaxWeight,MaxWeight,Published/legacy scheduler,published scheduling baseline,5,0.7524469976163131,0.039252717193064,0.247553002383687,0.039252717193064,0.2827154218184343,0.1286276223294021,0.0159399879955972,0.0,0.0,0.9166930148649666,0.980003732151284,0.9393898713902936,,0.0995247323192739,2.051414273210676,0.2132423444461716,1.841471885626678,129.02106553343486,160.23180504936045,0.0569243181956574,17868578.38000196,0.6253971737673772,0.0001664621930246,0.1139674596228152,,,,,,,,,,,,,,,,1.8699979409575463e-05,6.632349850922432e-06,6.0,7.0,0,0
latency_critical,nominal,Intent-PPO-CMDP-FullPolicy-NoShield,"IA-PPO-CMDP, same policy w/o deployment shield",Proposed agentic RL,proposed agentic variant,5,0.7721049752872859,0.0915790582279302,0.3269120591319966,0.1769138330776218,0.4551743041349711,0.2106088791033757,0.0625456280914171,0.2828309275308627,0.1719217044655614,0.7488769556282119,0.8668905890942489,0.7171690724691372,,-0.1828309275308627,2.074641533443222,0.4401105141988054,1.7209142312733057,51.462321369983805,74.11335920845049,0.0390513329890516,26544600.839550614,0.6132154496706177,0.0017834327259008,0.1152578629690678,,,,,,,,,,,,,,,,320.147677999991,7.298897258581943,7.0,6.0,0,0
reliability_first,congestion_burst,PPO-Lagrangian,PPO-Lagrangian,Constrained RL baseline,constrained-RL baseline,5,0.9560644135916336,0.0097454326212685,0.0439355864083661,0.0097454326212685,0.0720852604481408,0.1166047839729795,0.0342244769949712,0.0007598403334157,0.0004856277625614,0.879859798972728,0.9301905234809872,0.938155759276705,,0.0186207284800554,2.5137491478351444,0.3399375745652246,2.242273245141899,143.95451708700938,171.62865899278307,0.0311355971510148,32409517.0157886,0.674422241822155,0.0,0.1396527304352857,,,,,,,,,,,,,,,,266.61783722001127,11.520029096061071,1.0,1.0,1,1
reliability_first,congestion_burst,MaxWeight,MaxWeight,Published/legacy scheduler,published scheduling baseline,5,0.9358066859947158,0.0107526707543028,0.0641933140052842,0.0107526707543029,0.0772632232775355,0.1164914587599082,0.0090921431398765,0.0,0.0,0.9561344009685384,0.9866928422205158,0.7460906602920152,,0.0271811669125643,2.1715200797339933,0.247963577759572,1.9551610535415656,146.03596322860426,168.4207481415749,0.0554397689636071,18252571.373879023,0.5474033120368409,0.0005576802939885,0.1206400044296662,,,,,,,,,,,,,,,,1.5999935567378997e-05,5.947394018108972e-06,2.0,2.0,0,0
reliability_first,congestion_burst,PPO,PPO,Published RL family,published RL family,5,0.8915831796566971,0.0880307811993367,0.1084168203433027,0.0880307811993368,0.1526408492785198,0.1846123966269473,0.0570907891894209,0.0007471380681776,0.0004434173379233,0.8713857554095789,0.9239818153381532,0.9905702779865512,,-0.0285970652380007,3.009751481077895,0.326023649019186,2.744761593628105,110.3786176979083,137.54473115152177,0.0346407389751335,29296152.764872752,0.6773491098927492,0.0,0.1672084156154386,,,,,,,,,,,,,,,,267.553891400015,9.782401107503151,3.0,3.0,0,0
reliability_first,congestion_burst,PPO_CMDP,Non-Agentic PPO-CMDP,Internal CMDP ablation,internal CMDP ablation,5,0.8909058265018807,0.0666383266400583,0.1090941734981193,0.0666383266400583,0.1590539818450985,0.1909672905244814,0.0431501089764023,0.000375726575558,0.0001391662388854,0.8667609756963739,0.9196320842760984,0.998909658176652,,-0.0317898835364826,3.1674159170796683,0.2315092183049136,2.878310877622364,101.99374278362288,128.09588791360744,0.0335930556515878,30085227.13730042,0.676513345667826,0.0,0.1759675509488704,,,,,,,,,,,,,,,,272.1420523799956,4.344263892369205,4.0,4.0,0,0
reliability_first,congestion_burst,Intent-PPO-CMDP-NoRisk,IA-PPO-CMDP w/o Tail Risk,Proposed agentic RL,proposed agentic variant,5,0.8907814191149968,0.0839490612738727,0.1092185808850033,0.0839490612738727,0.1501553617652244,0.1737607812955534,0.0654745359948723,0.0003988092074023,0.0002950685245227,0.8601780246748468,0.9180470970613296,0.956025780051292,,-0.0232804677841821,2.855723156684608,0.6104551324758666,2.590930726500429,120.38240850052937,144.48363008316102,0.0335532717237403,30263142.764854044,0.673527998134661,0.0,0.1586512864824782,,,,,,,,,,,,,,,,274.6141810200061,5.506362305433448,5.0,5.0,0,0
reliability_first,congestion_burst,Intent-PPO-CMDP,IA-PPO-CMDP (Proposed),Proposed agentic RL,proposed agentic variant,5,0.8849214861977327,0.0743871219910766,0.1150785138022673,0.0743871219910766,0.1551979291016275,0.1767071507983351,0.0628065428572973,0.0150515727374947,0.0070323024798836,0.8801977175026694,0.9346735814876104,0.9709933542785312,,-0.0312836802102602,3.0033048842196366,0.4680982183689268,2.735380234352476,111.09911675046806,138.33854618877453,0.0344097746577194,29965329.06938485,0.6682816991661091,0.0,0.1668502713455353,,,,,,,,,,,,,,,,320.147677999991,7.298897258581943,6.0,6.0,0,0
reliability_first,congestion_burst,Intent-PPO-CMDP-FullPolicy-NoShield,"IA-PPO-CMDP, same policy w/o deployment shield",Proposed agentic RL,proposed agentic variant,5,0.6710108619257623,0.088653925102337,1.6966410132025562,1.1059656237866458,2.2407725420337834,0.1888051825815159,0.0622363012225277,0.2773022147877032,0.1689449398307295,0.8816409951503307,0.9371661121093002,0.7198268954453825,,-0.2497756419498279,2.4571239023529907,0.4517506167041595,2.130563881048114,91.26911411997408,118.0103685458408,0.0357612649575329,28818652.549863964,0.6197814989383856,0.0010818618858055,0.1365068834640549,,,,,,,,,,,,,,,,320.147677999991,7.298897258581943,7.0,7.0,0,0
reliability_first,mixed_stress,PPO-Lagrangian,PPO-Lagrangian,Constrained RL baseline,constrained-RL baseline,5,0.9333553142777076,0.0242863266229397,0.0666446857222922,0.0242863266229398,0.1133161999252088,0.1347636802833328,0.0375916606903633,0.0006005559293026,0.000473442086426,0.9150904238969442,0.9518538106978628,0.8632406328745159,,0.0084617967355182,2.3535231392551417,0.2890723997798667,2.0960994039990752,171.653141573593,191.3451414069404,0.0313470476156947,32258225.17779662,0.6452805471525673,0.0,0.1307512855141745,,,,,,,,,,,,,,,,266.61783722001127,11.520029096061071,1.0,1.0,1,1
reliability_first,mixed_stress,MaxWeight,MaxWeight,Published/legacy scheduler,published scheduling baseline,5,0.9272320094862307,0.0100898199778331,0.072767990513769,0.0100898199778331,0.0997480824415027,0.1341554909626111,0.0105067127592057,0.0,0.0,0.964528358103267,0.9876063757024142,0.6870997625617549,,0.0200780861662013,2.0426192434384287,0.2313069156422279,1.8228220797160009,170.93434406566243,191.10628649051029,0.0533149192159957,18961088.41153594,0.5347461229323287,0.0014811987115457,0.1134788468576904,,,,,,,,,,,,,,,,1.3860035687685011e-05,5.539906477121751e-06,2.0,2.0,0,0
reliability_first,mixed_stress,Intent-PPO-CMDP-NoRisk,IA-PPO-CMDP w/o Tail Risk,Proposed agentic RL,proposed agentic variant,5,0.8380219279539836,0.1299720504119325,0.1625507959670317,0.1306902083388791,0.2158285708943281,0.2016360017543391,0.0832775229612515,0.0002195368967658,0.0002057225726945,0.903520708111647,0.945241667852356,0.8997202604853648,,-0.0478769685557364,2.606076373783007,0.4881366490267078,2.3342925423879657,153.6645321442408,176.05494514873277,0.03386807816733,30032711.25935006,0.6430364843875891,0.0,0.1447820207657225,,,,,,,,,,,,,,,,274.6141810200061,5.506362305433448,3.0,3.0,0,0
reliability_first,mixed_stress,PPO,PPO,Published RL family,published RL family,5,0.8290505787710014,0.1157819497080945,0.1742520378779712,0.1210804716564781,0.2265610261634006,0.2202703484403317,0.0685860277199023,0.0006436058487586,0.0002759078831818,0.9072897618912688,0.9485723542672414,0.9606735689103952,,-0.0617623789598612,2.709638467824562,0.2757389418672643,2.4520237352158656,150.52743056041902,174.94515173992153,0.0353742944766569,28732999.051611263,0.6451678728846778,0.0,0.1505354704346978,,,,,,,,,,,,,,,,267.553891400015,9.782401107503151,4.0,4.0,0,0
reliability_first,mixed_stress,Intent-PPO-CMDP,IA-PPO-CMDP (Proposed),Proposed agentic RL,proposed agentic variant,5,0.8237204313044362,0.1138519459649228,0.1763739812559216,0.1139649176918349,0.224312071789059,0.2087155145256693,0.0762814357497085,0.0121597180940487,0.0063416374088041,0.9209497412123192,0.9624339130140308,0.9441239005665664,,-0.0573295421651448,2.7609581013773488,0.388576705881646,2.5052427225360576,148.17067018656854,174.19675452586188,0.0347321617286306,29749720.12778845,0.6345172907902559,0.0,0.1533865611876304,,,,,,,,,,,,,,,,320.147677999991,7.298897258581943,5.0,5.0,0,0
reliability_first,mixed_stress,PPO_CMDP,Non-Agentic PPO-CMDP,Internal CMDP ablation,internal CMDP ablation,5,0.8181978873376246,0.0969966924178027,0.1822642386176873,0.0976836556592548,0.2441139802219838,0.2296145661086651,0.0515046224650635,0.000423161131003,0.0002689228172139,0.9063192180001975,0.9456310513208463,0.9874064291561028,,-0.0696408513141007,2.8724621274272484,0.1381781613575978,2.5860087916609893,142.05317449072382,169.89975877520504,0.0342943186724127,29464442.203707337,0.6423143569684739,0.0,0.1595812293015137,,,,,,,,,,,,,,,,272.1420523799956,4.344263892369205,6.0,6.0,0,0
reliability_first,mixed_stress,Intent-PPO-CMDP-FullPolicy-NoShield,"IA-PPO-CMDP, same policy w/o deployment shield",Proposed agentic RL,proposed agentic variant,5,0.5998094675639243,0.1299730267111028,1.706502866480179,1.1446819759626257,2.266559930573103,0.225387469228172,0.0764313005108045,0.2674744850788759,0.1710557266647132,0.9239185674587634,0.9620189569218682,0.7102750103734065,,-0.2484150659900742,2.29151966963338,0.3832902854437477,1.988606762724767,127.66298654241398,154.6391322000439,0.0360535921889477,28608009.493631817,0.5879333170489207,0.0020198024717195,0.1273066483129655,,,,,,,,,,,,,,,,320.147677999991,7.298897258581943,7.0,7.0,0,0
reliability_first,nominal,PPO-Lagrangian,PPO-Lagrangian,Constrained RL baseline,constrained-RL baseline,5,0.9513517961753598,0.0157347083888973,0.0486482038246401,0.0157347083888973,0.111675571077016,0.1439032292659144,0.0304240649046799,0.0013210400204119,0.0005573655948475,0.8263290159535603,0.9020438439327958,0.9934579498406564,,0.0041903299748628,2.3472151906889613,0.2821556284750201,2.0889831635596026,97.56652882294097,126.84296856839892,0.0332909415699701,30294060.505523145,0.659301883061985,0.0,0.1304008439271645,,,,,,,,,,,,,,,,266.61783722001127,11.520029096061071,1.0,1.0,1,1
reliability_first,nominal,MaxWeight,MaxWeight,Published/legacy scheduler,published scheduling baseline,5,0.9281528090327232,0.0049220601734864,0.0718471909672766,0.0049220601734865,0.1156945436998964,0.1286276223294021,0.0159399879955972,0.0,0.0,0.9166930148649666,0.980003732151284,0.9393898713902936,,0.0210920911147326,2.051414273210676,0.2132423444461716,1.841471885626678,129.02106553343486,160.23180504936045,0.0569243181956574,17868578.38000196,0.6253971737673772,0.0001664621930246,0.1139674596228152,,,,,,,,,,,,,,,,1.1140061542391776e-05,6.711249689807989e-07,2.0,2.0,0,0
reliability_first,nominal,PPO_CMDP,Non-Agentic PPO-CMDP,Internal CMDP ablation,internal CMDP ablation,5,0.8972206394819547,0.0719897983406036,0.1027793605180452,0.0719897983406036,0.1731453950484517,0.1993539990068079,0.0438040882946905,0.000540187629993,0.0003333940478391,0.7474866157635349,0.8699491593090501,0.999459812370007,,-0.0402127283166385,2.787014210544688,0.1863492131058072,2.48153715949372,60.072566250857605,82.86915714638857,0.0353701183593954,28590051.558948528,0.6570053111562475,5.331357388636492e-06,0.1548341228080381,,,,,,,,,,,,,,,,272.1420523799956,4.344263892369205,3.0,3.0,0,0
reliability_first,nominal,PPO,PPO,Published RL family,published RL family,5,0.8950060543725934,0.0918980639727349,0.1050371148472161,0.0919665129791391,0.175447406529853,0.1971722840004111,0.0537126761678243,0.0010869929374425,0.0004049702107878,0.7732627555773476,0.8815461831117558,0.9987442987697162,,-0.0381637514903534,2.71207664166163,0.2434778503033342,2.411510077031584,66.79283733728978,95.13704825126348,0.036505944075299,27823029.68569259,0.657805222093144,0.0,0.1506709245367571,,,,,,,,,,,,,,,,267.553891400015,9.782401107503151,4.0,4.0,0,0
reliability_first,nominal,Intent-PPO-CMDP,IA-PPO-CMDP (Proposed),Proposed agentic RL,proposed agentic variant,5,0.8835010782601792,0.0799980994182551,0.1164989217398207,0.0799980994182551,0.172563251191711,0.1951663967112524,0.0602101632761223,0.0113259819621263,0.0050144027637901,0.7609419072349565,0.8854239312583241,0.9884048596498914,,-0.0425400844501277,2.702328434283141,0.3265248917059026,2.4001171214176686,65.92463759617651,92.65368881179272,0.0369591871239238,27981357.776459757,0.6532455199895024,0.0,0.1501293574601744,,,,,,,,,,,,,,,,320.147677999991,7.298897258581943,5.0,5.0,0,0
reliability_first,nominal,Intent-PPO-CMDP-NoRisk,IA-PPO-CMDP w/o Tail Risk,Proposed agentic RL,proposed agentic variant,5,0.8834052403095652,0.0857045821737297,0.1165947596904345,0.0857045821737297,0.1883348523674407,0.1968893189420416,0.0596263867339656,0.0012937802050603,0.0006880841539327,0.7256324998513148,0.8745969470959304,0.9962088926827136,,-0.0402731131038239,2.55401424284943,0.425539048480398,2.2405474696246737,77.92083140509325,104.7691185671815,0.0360202786700398,28195020.1747424,0.6603876705503839,0.0,0.1418896801583016,,,,,,,,,,,,,,,,274.6141810200061,5.506362305433448,6.0,6.0,0,0
reliability_first,nominal,Intent-PPO-CMDP-FullPolicy-NoShield,"IA-PPO-CMDP, same policy w/o deployment shield",Proposed agentic RL,proposed agentic variant,5,0.6560344835377986,0.1094718525296984,1.7503805536054529,1.121197594587799,2.327965868488316,0.2112338604624529,0.0633798245620457,0.2830392436581128,0.1681195469824486,0.7531400463902667,0.8734374183596098,0.7169607563418872,,-0.2582026291202769,2.093938551381444,0.4457616935218881,1.7424742955231107,51.06937570979201,73.41725197601161,0.0389955495436987,26573719.5023918,0.6119222087102367,0.001639907071079,0.1163299195211912,,,,,,,,,,,,,,,,320.147677999991,7.298897258581943,7.0,7.0,0,0
